{
	"credit": "Made with Blockbench",
	"texture_size": [32, 32],
	"textures": {
		"0": "block/unnamed",
		"1": "block/texture",
		"particle": "unnamed"
	},
	"elements": [
		{
			"from": [0, 0, 0],
			"to": [16, 0.5, 9],
			"faces": {
				"north": {"uv": [0, 0, 8, 0.25], "texture": "#1"},
				"east": {"uv": [0, 0, 4.5, 0.25], "texture": "#1"},
				"south": {"uv": [0, 0, 8, 0.25], "texture": "#1"},
				"west": {"uv": [0, 0, 4.5, 0.25], "texture": "#1"},
				"up": {"uv": [0, 0, 8, 4.5], "texture": "#1"},
				"down": {"uv": [0, 0, 8, 4.5], "texture": "#1"}
			}
		},
		{
			"from": [0, 0.3, -0.3],
			"to": [16, 9.3, 0.45],
			"rotation": {"angle": 45, "axis": "x", "origin": [0, 0, 0]},
			"faces": {
				"north": {"uv": [0, 0, 8, 4.5], "texture": "#0"},
				"east": {"uv": [8, 1, 8.375, 5.5], "texture": "#0"},
				"south": {"uv": [0, 4.5, 8, 9], "texture": "#0"},
				"west": {"uv": [8, 5.5, 8.375, 10], "texture": "#0"},
				"up": {"uv": [16, 0.375, 8, 0], "texture": "#0"},
				"down": {"uv": [16, 0.5, 8, 0.875], "texture": "#1"}
			}
		}
	]
}