{
	"credit": "Made with Blockbench",
	"texture_size": [256, 256],
	"textures": {
		"0": "block/space",
		"particle": "block/space"
	},
	"elements": [
		{
			"from": [0, 1, 15],
			"to": [23, 9, 16],
			"faces": {
				"north": {"uv": [3.25, 1, 4.6875, 1.5], "texture": "#0"},
				"east": {"uv": [1.375, 6.0625, 1.4375, 6.5625], "texture": "#0"},
				"south": {"uv": [4.25, 1.5, 5.6875, 2], "texture": "#0"},
				"west": {"uv": [4.0625, 6.0625, 4.125, 6.5625], "texture": "#0"},
				"up": {"uv": [8.1875, 5.375, 6.75, 5.3125], "texture": "#0"},
				"down": {"uv": [8.1875, 5.375, 6.75, 5.4375], "texture": "#0"}
			}
		},
		{
			"from": [-4, 1, 14],
			"to": [17, 9, 15],
			"faces": {
				"north": {"uv": [4.25, 3, 5.5625, 3.5], "texture": "#0"},
				"east": {"uv": [2.75, 7.5, 2.8125, 8], "texture": "#0"},
				"south": {"uv": [4.6875, 1, 6, 1.5], "texture": "#0"},
				"west": {"uv": [2.8125, 7.5, 2.875, 8], "texture": "#0"},
				"up": {"uv": [8.3125, 5.9375, 7, 5.875], "texture": "#0"},
				"down": {"uv": [8.3125, 5.9375, 7, 6], "texture": "#0"}
			}
		},
		{
			"from": [-7, 1, 13],
			"to": [0, 9.5, 14],
			"faces": {
				"north": {"uv": [0, 6.1875, 0.4375, 6.75], "texture": "#0"},
				"east": {"uv": [0.9375, 7.5, 1, 8.0625], "texture": "#0"},
				"south": {"uv": [6.25, 5.875, 6.6875, 6.4375], "texture": "#0"},
				"west": {"uv": [1, 7.5, 1.0625, 8.0625], "texture": "#0"},
				"up": {"uv": [3.5625, 7.5625, 3.125, 7.5], "texture": "#0"},
				"down": {"uv": [7.9375, 4.5, 7.5, 4.5625], "texture": "#0"}
			}
		},
		{
			"from": [-9, 1, 12],
			"to": [-1, 10, 13],
			"faces": {
				"north": {"uv": [3.625, 6.5625, 3.9375, 7.125], "texture": "#0"},
				"east": {"uv": [1.0625, 7.5, 1.125, 8.0625], "texture": "#0"},
				"south": {"uv": [6.5625, 6.4375, 6.875, 7], "texture": "#0"},
				"west": {"uv": [2.4375, 7.5, 2.5, 8.0625], "texture": "#0"},
				"up": {"uv": [7.9375, 3.375, 7.625, 3.3125], "texture": "#0"},
				"down": {"uv": [7.9375, 3.375, 7.625, 3.4375], "texture": "#0"}
			}
		},
		{
			"from": [-10, 1, 10],
			"to": [-2, 10.3, 12],
			"faces": {
				"north": {"uv": [6.8125, 2.8125, 7, 3.375], "texture": "#0"},
				"east": {"uv": [2.3125, 7.25, 2.4375, 7.8125], "texture": "#0"},
				"south": {"uv": [7, 2.8125, 7.1875, 3.375], "texture": "#0"},
				"west": {"uv": [7.25, 3.25, 7.375, 3.8125], "texture": "#0"},
				"up": {"uv": [3.3125, 7.6875, 3.125, 7.5625], "texture": "#0"},
				"down": {"uv": [3.5, 7.5625, 3.3125, 7.6875], "texture": "#0"}
			}
		},
		{
			"from": [-11, 1, 8],
			"to": [-3, 10.7, 10],
			"faces": {
				"north": {"uv": [2.4375, 6.875, 2.625, 7.5], "texture": "#0"},
				"east": {"uv": [6.75, 7, 6.875, 7.625], "texture": "#0"},
				"south": {"uv": [2.625, 6.875, 2.8125, 7.5], "texture": "#0"},
				"west": {"uv": [5.5625, 7.125, 5.6875, 7.75], "texture": "#0"},
				"up": {"uv": [3.6875, 7.6875, 3.5, 7.5625], "texture": "#0"},
				"down": {"uv": [3.875, 7.5625, 3.6875, 7.6875], "texture": "#0"}
			}
		},
		{
			"from": [-12, 1, 6],
			"to": [-3, 11, 8],
			"faces": {
				"north": {"uv": [2.8125, 6.875, 3, 7.5], "texture": "#0"},
				"east": {"uv": [6.4375, 7.125, 6.5625, 7.75], "texture": "#0"},
				"south": {"uv": [3, 6.875, 3.1875, 7.5], "texture": "#0"},
				"west": {"uv": [0.1875, 7.1875, 0.3125, 7.8125], "texture": "#0"},
				"up": {"uv": [7.75, 3.875, 7.5625, 3.75], "texture": "#0"},
				"down": {"uv": [7.75, 3.875, 7.5625, 4], "texture": "#0"}
			}
		},
		{
			"from": [-12, 1.5, 6],
			"to": [-3, 11.4, 7.6],
			"faces": {
				"north": {"uv": [3.1875, 6.875, 3.375, 7.5], "texture": "#0"},
				"east": {"uv": [7.25, 0, 7.375, 0.625], "texture": "#0"},
				"south": {"uv": [3.375, 6.875, 3.5625, 7.5], "texture": "#0"},
				"west": {"uv": [0.4375, 7.25, 0.5625, 7.875], "texture": "#0"},
				"up": {"uv": [7.75, 4.125, 7.5625, 4], "texture": "#0"},
				"down": {"uv": [4.3125, 7.5625, 4.125, 7.6875], "texture": "#0"}
			}
		},
		{
			"from": [-13, 1, 2],
			"to": [-3, 12.2, 7],
			"faces": {
				"north": {"uv": [5.6875, 6.6875, 5.875, 7.375], "texture": "#0"},
				"east": {"uv": [1.8125, 6.5625, 2.125, 7.25], "texture": "#0"},
				"south": {"uv": [6.75, 4.5, 6.9375, 5.1875], "texture": "#0"},
				"west": {"uv": [2.125, 6.5625, 2.4375, 7.25], "texture": "#0"},
				"up": {"uv": [7.5625, 0.625, 7.375, 0.3125], "texture": "#0"},
				"down": {"uv": [7.5625, 0.875, 7.375, 1.1875], "texture": "#0"}
			}
		},
		{
			"from": [4.8, 17, 15],
			"to": [10.1, 27.5, 16],
			"rotation": {"angle": -45, "axis": "z", "origin": [0, 0, 0]},
			"faces": {
				"north": {"uv": [1.1875, 6.5625, 1.5, 7.25], "texture": "#0"},
				"east": {"uv": [0.3125, 7.4375, 0.375, 8.125], "texture": "#0"},
				"south": {"uv": [1.5, 6.5625, 1.8125, 7.25], "texture": "#0"},
				"west": {"uv": [0.375, 7.4375, 0.4375, 8.125], "texture": "#0"},
				"up": {"uv": [7.9375, 3, 7.625, 2.9375], "texture": "#0"},
				"down": {"uv": [7.9375, 3, 7.625, 3.0625], "texture": "#0"}
			}
		},
		{
			"from": [22, 5, 15.9],
			"to": [30.5, 6, 21.2],
			"rotation": {"angle": -22.5, "axis": "x", "origin": [0, 0, 0]},
			"faces": {
				"north": {"uv": [5.6875, 2.8125, 6.25, 2.875], "texture": "#0"},
				"east": {"uv": [7.625, 3.0625, 7.9375, 3.125], "texture": "#0"},
				"south": {"uv": [5.6875, 2.875, 6.25, 2.9375], "texture": "#0"},
				"west": {"uv": [7.625, 3.125, 7.9375, 3.1875], "texture": "#0"},
				"up": {"uv": [7, 5.75, 6.4375, 5.4375], "texture": "#0"},
				"down": {"uv": [3.625, 6.5625, 3.0625, 6.875], "texture": "#0"}
			}
		},
		{
			"from": [1, 11, 8.9],
			"to": [30.5, 12, 14.2],
			"rotation": {"angle": 22.5, "axis": "x", "origin": [0, 0, 0]},
			"faces": {
				"north": {"uv": [6.1875, 2.25, 8.0625, 2.3125], "texture": "#0"},
				"east": {"uv": [7.625, 3.1875, 7.9375, 3.25], "texture": "#0"},
				"south": {"uv": [6.6875, 6.1875, 8.5625, 6.25], "texture": "#0"},
				"west": {"uv": [7.625, 3.25, 7.9375, 3.3125], "texture": "#0"},
				"up": {"uv": [4.5, 5.0625, 2.625, 4.75], "texture": "#0"},
				"down": {"uv": [6.375, 4.75, 4.5, 5.0625], "texture": "#0"}
			}
		},
		{
			"from": [15.1, 1, 22.6],
			"to": [22, 16, 23.6],
			"rotation": {"angle": 22.5, "axis": "y", "origin": [0, 0, 0]},
			"faces": {
				"north": {"uv": [4.125, 5.0625, 4.5625, 6], "texture": "#0"},
				"east": {"uv": [0.6875, 7.25, 0.75, 8.1875], "texture": "#0"},
				"south": {"uv": [4.5625, 5.0625, 5, 6], "texture": "#0"},
				"west": {"uv": [7.375, 2.8125, 7.4375, 3.75], "texture": "#0"},
				"up": {"uv": [7.875, 2.1875, 7.4375, 2.125], "texture": "#0"},
				"down": {"uv": [7.875, 3.5625, 7.4375, 3.625], "texture": "#0"}
			}
		},
		{
			"from": [22, 1, -5],
			"to": [30, 16.6, 13.2],
			"faces": {
				"north": {"uv": [4.875, 3.5, 5.375, 4.5], "texture": "#0"},
				"east": {"uv": [3.25, 0, 4.0625, 1], "texture": "#0"},
				"south": {"uv": [2.625, 5.0625, 3.125, 6.0625], "texture": "#0"},
				"west": {"uv": [0, 3.75, 0.8125, 4.75], "texture": "#0"},
				"up": {"uv": [0.9375, 6.0625, 0.4375, 5.25], "texture": "#0"},
				"down": {"uv": [1.4375, 5.25, 0.9375, 6.0625], "texture": "#0"}
			}
		},
		{
			"from": [17, 1, 2],
			"to": [25, 8.6, 15.2],
			"faces": {
				"north": {"uv": [3.0625, 6.0625, 3.5625, 6.5625], "texture": "#0"},
				"east": {"uv": [1.4375, 5.25, 2.25, 5.75], "texture": "#0"},
				"south": {"uv": [3.5625, 6.0625, 4.0625, 6.5625], "texture": "#0"},
				"west": {"uv": [5.375, 3.5, 6.1875, 4], "texture": "#0"},
				"up": {"uv": [5.9375, 5.875, 5.4375, 5.0625], "texture": "#0"},
				"down": {"uv": [6.1875, 1.5, 5.6875, 2.3125], "texture": "#0"}
			}
		},
		{
			"from": [22, 1, 2.6],
			"to": [27, 15.6, 15.8],
			"faces": {
				"north": {"uv": [5.9375, 5.875, 6.25, 6.875], "texture": "#0"},
				"east": {"uv": [0.8125, 3.75, 1.625, 4.75], "texture": "#0"},
				"south": {"uv": [4.125, 6, 4.4375, 7], "texture": "#0"},
				"west": {"uv": [1.625, 3.75, 2.4375, 4.75], "texture": "#0"},
				"up": {"uv": [5.375, 6.8125, 5.0625, 6], "texture": "#0"},
				"down": {"uv": [1.1875, 6.0625, 0.875, 6.875], "texture": "#0"}
			}
		},
		{
			"from": [29, 1, 0],
			"to": [32, 2, 7.1],
			"faces": {
				"north": {"uv": [2.25, 5.6875, 2.4375, 5.75], "texture": "#0"},
				"east": {"uv": [7.4375, 3.625, 7.875, 3.6875], "texture": "#0"},
				"south": {"uv": [2.4375, 6, 2.625, 6.0625], "texture": "#0"},
				"west": {"uv": [7.4375, 3.6875, 7.875, 3.75], "texture": "#0"},
				"up": {"uv": [2.4375, 5.6875, 2.25, 5.25], "texture": "#0"},
				"down": {"uv": [1.375, 6.0625, 1.1875, 6.5], "texture": "#0"}
			}
		},
		{
			"from": [29, 16, 0],
			"to": [32, 17, 7.1],
			"faces": {
				"north": {"uv": [4.8125, 7.6875, 5, 7.75], "texture": "#0"},
				"east": {"uv": [7.5, 2.5625, 7.9375, 2.625], "texture": "#0"},
				"south": {"uv": [5.1875, 7.6875, 5.375, 7.75], "texture": "#0"},
				"west": {"uv": [7.5, 2.625, 7.9375, 2.6875], "texture": "#0"},
				"up": {"uv": [6.75, 7.4375, 6.5625, 7], "texture": "#0"},
				"down": {"uv": [7.25, 0, 7.0625, 0.4375], "texture": "#0"}
			}
		},
		{
			"from": [25, 16, -2],
			"to": [28, 17, 10.1],
			"faces": {
				"north": {"uv": [7.75, 1.1875, 7.9375, 1.25], "texture": "#0"},
				"east": {"uv": [7.3125, 4.8125, 8.0625, 4.875], "texture": "#0"},
				"south": {"uv": [7.75, 1.25, 7.9375, 1.3125], "texture": "#0"},
				"west": {"uv": [7.375, 4.3125, 8.125, 4.375], "texture": "#0"},
				"up": {"uv": [2.625, 6, 2.4375, 5.25], "texture": "#0"},
				"down": {"uv": [4.125, 6.5625, 3.9375, 7.3125], "texture": "#0"}
			}
		},
		{
			"from": [20, 7, 0],
			"to": [23, 17, 7.1],
			"faces": {
				"north": {"uv": [0.75, 6.875, 0.9375, 7.5], "texture": "#0"},
				"east": {"uv": [6, 0.875, 6.4375, 1.5], "texture": "#0"},
				"south": {"uv": [0.9375, 6.875, 1.125, 7.5], "texture": "#0"},
				"west": {"uv": [0.4375, 6.0625, 0.875, 6.6875], "texture": "#0"},
				"up": {"uv": [7.25, 0.875, 7.0625, 0.4375], "texture": "#0"},
				"down": {"uv": [7.25, 1.8125, 7.0625, 2.25], "texture": "#0"}
			}
		},
		{
			"from": [20, 5.8, 8.3],
			"to": [23, 12.9, 13.3],
			"rotation": {"angle": -22.5, "axis": "x", "origin": [0, 0, 0]},
			"faces": {
				"north": {"uv": [7.0625, 4, 7.25, 4.4375], "texture": "#0"},
				"east": {"uv": [5.375, 6.6875, 5.6875, 7.125], "texture": "#0"},
				"south": {"uv": [7.0625, 6.25, 7.25, 6.6875], "texture": "#0"},
				"west": {"uv": [6.6875, 5.75, 7, 6.1875], "texture": "#0"},
				"up": {"uv": [7.5, 4.8125, 7.3125, 4.5], "texture": "#0"},
				"down": {"uv": [7.5625, 0, 7.375, 0.3125], "texture": "#0"}
			}
		},
		{
			"from": [29, 2, 3],
			"to": [32, 3, 10.1],
			"faces": {
				"north": {"uv": [1.1875, 6.5, 1.375, 6.5625], "texture": "#0"},
				"east": {"uv": [7.5, 2.3125, 7.9375, 2.375], "texture": "#0"},
				"south": {"uv": [7.625, 7.5625, 7.8125, 7.625], "texture": "#0"},
				"west": {"uv": [7.5, 2.375, 7.9375, 2.4375], "texture": "#0"},
				"up": {"uv": [4.6875, 7.4375, 4.5, 7], "texture": "#0"},
				"down": {"uv": [4.875, 7, 4.6875, 7.4375], "texture": "#0"}
			}
		},
		{
			"from": [29, 15, 3],
			"to": [32, 16, 10.1],
			"faces": {
				"north": {"uv": [4.4375, 7.6875, 4.625, 7.75], "texture": "#0"},
				"east": {"uv": [7.5, 2.4375, 7.9375, 2.5], "texture": "#0"},
				"south": {"uv": [4.625, 7.6875, 4.8125, 7.75], "texture": "#0"},
				"west": {"uv": [7.5, 2.5, 7.9375, 2.5625], "texture": "#0"},
				"up": {"uv": [5.0625, 7.4375, 4.875, 7], "texture": "#0"},
				"down": {"uv": [7.1875, 5.4375, 7, 5.875], "texture": "#0"}
			}
		},
		{
			"from": [29, 3, 6],
			"to": [32, 4, 12.1],
			"faces": {
				"north": {"uv": [7.625, 7.625, 7.8125, 7.6875], "texture": "#0"},
				"east": {"uv": [5.875, 7.5, 6.25, 7.5625], "texture": "#0"},
				"south": {"uv": [3.125, 7.6875, 3.3125, 7.75], "texture": "#0"},
				"west": {"uv": [7.5625, 0.5625, 7.9375, 0.625], "texture": "#0"},
				"up": {"uv": [1.9375, 7.625, 1.75, 7.25], "texture": "#0"},
				"down": {"uv": [7.4375, 1.8125, 7.25, 2.1875], "texture": "#0"}
			}
		},
		{
			"from": [29, 14, 6],
			"to": [32, 15, 12.1],
			"faces": {
				"north": {"uv": [4.0625, 7.6875, 4.25, 7.75], "texture": "#0"},
				"east": {"uv": [7.5625, 1.625, 7.9375, 1.6875], "texture": "#0"},
				"south": {"uv": [4.25, 7.6875, 4.4375, 7.75], "texture": "#0"},
				"west": {"uv": [7.5625, 1.6875, 7.9375, 1.75], "texture": "#0"},
				"up": {"uv": [2.125, 7.625, 1.9375, 7.25], "texture": "#0"},
				"down": {"uv": [2.3125, 7.25, 2.125, 7.625], "texture": "#0"}
			}
		},
		{
			"from": [29, 4, 9],
			"to": [32, 5, 13.1],
			"faces": {
				"north": {"uv": [3.3125, 7.6875, 3.5, 7.75], "texture": "#0"},
				"east": {"uv": [6.4375, 1.4375, 6.6875, 1.5], "texture": "#0"},
				"south": {"uv": [3.5, 7.6875, 3.6875, 7.75], "texture": "#0"},
				"west": {"uv": [7.625, 6.9375, 7.875, 7], "texture": "#0"},
				"up": {"uv": [6.6875, 0.875, 6.5, 0.625], "texture": "#0"},
				"down": {"uv": [6.6875, 4.5, 6.5, 4.75], "texture": "#0"}
			}
		},
		{
			"from": [29, 13, 9],
			"to": [32, 14, 13.1],
			"faces": {
				"north": {"uv": [3.6875, 7.6875, 3.875, 7.75], "texture": "#0"},
				"east": {"uv": [7.625, 7, 7.875, 7.0625], "texture": "#0"},
				"south": {"uv": [3.875, 7.6875, 4.0625, 7.75], "texture": "#0"},
				"west": {"uv": [7.625, 7.0625, 7.875, 7.125], "texture": "#0"},
				"up": {"uv": [7.5625, 4.3125, 7.375, 4.0625], "texture": "#0"},
				"down": {"uv": [7.5625, 5.4375, 7.375, 5.6875], "texture": "#0"}
			}
		},
		{
			"from": [29, 5, 12],
			"to": [32, 7, 14.1],
			"faces": {
				"north": {"uv": [6.375, 3.375, 6.5625, 3.5], "texture": "#0"},
				"east": {"uv": [6.25, 2.8125, 6.375, 2.9375], "texture": "#0"},
				"south": {"uv": [6.4375, 5.75, 6.625, 5.875], "texture": "#0"},
				"west": {"uv": [6.5625, 3.375, 6.6875, 3.5], "texture": "#0"},
				"up": {"uv": [5.25, 7.625, 5.0625, 7.5], "texture": "#0"},
				"down": {"uv": [7.0625, 7.5, 6.875, 7.625], "texture": "#0"}
			}
		},
		{
			"from": [29, 11, 12],
			"to": [32, 13, 14.1],
			"faces": {
				"north": {"uv": [7.5625, 1.125, 7.75, 1.25], "texture": "#0"},
				"east": {"uv": [0.75, 6.6875, 0.875, 6.8125], "texture": "#0"},
				"south": {"uv": [7.5625, 1.25, 7.75, 1.375], "texture": "#0"},
				"west": {"uv": [6.75, 0.4375, 6.875, 0.5625], "texture": "#0"},
				"up": {"uv": [7.75, 1.5, 7.5625, 1.375], "texture": "#0"},
				"down": {"uv": [7.75, 1.5, 7.5625, 1.625], "texture": "#0"}
			}
		},
		{
			"from": [29, 7, 13],
			"to": [32, 11, 15.1],
			"faces": {
				"north": {"uv": [6.6875, 0.625, 6.875, 0.875], "texture": "#0"},
				"east": {"uv": [4.125, 1.5, 4.25, 1.75], "texture": "#0"},
				"south": {"uv": [7.375, 1.5, 7.5625, 1.75], "texture": "#0"},
				"west": {"uv": [4.75, 3.5, 4.875, 3.75], "texture": "#0"},
				"up": {"uv": [7.75, 1, 7.5625, 0.875], "texture": "#0"},
				"down": {"uv": [7.75, 1, 7.5625, 1.125], "texture": "#0"}
			}
		},
		{
			"from": [0, 1, 0],
			"to": [17, 2, 16],
			"faces": {
				"north": {"uv": [4.875, 0.875, 5.9375, 0.9375], "texture": "#0"},
				"east": {"uv": [7.25, 0.6875, 8.25, 0.75], "texture": "#0"},
				"south": {"uv": [4.875, 0.9375, 5.9375, 1], "texture": "#0"},
				"west": {"uv": [7.25, 0.75, 8.25, 0.8125], "texture": "#0"},
				"up": {"uv": [1.0625, 2.75, 0, 1.75], "texture": "#0"},
				"down": {"uv": [2.125, 1.75, 1.0625, 2.75], "texture": "#0"}
			}
		},
		{
			"from": [-7, 1, -3],
			"to": [10, 2, 13],
			"faces": {
				"north": {"uv": [7.125, 4.9375, 8.1875, 5], "texture": "#0"},
				"east": {"uv": [7.25, 4.375, 8.25, 4.4375], "texture": "#0"},
				"south": {"uv": [7.125, 5, 8.1875, 5.0625], "texture": "#0"},
				"west": {"uv": [7.3125, 2.6875, 8.3125, 2.75], "texture": "#0"},
				"up": {"uv": [2.125, 3.75, 1.0625, 2.75], "texture": "#0"},
				"down": {"uv": [3.1875, 2.75, 2.125, 3.75], "texture": "#0"}
			}
		},
		{
			"from": [-7, 1, -6],
			"to": [10, 2, 10],
			"faces": {
				"north": {"uv": [7.125, 5.0625, 8.1875, 5.125], "texture": "#0"},
				"east": {"uv": [7.3125, 2.75, 8.3125, 2.8125], "texture": "#0"},
				"south": {"uv": [7.25, 0.625, 8.3125, 0.6875], "texture": "#0"},
				"west": {"uv": [7.3125, 4.4375, 8.3125, 4.5], "texture": "#0"},
				"up": {"uv": [4.25, 2.75, 3.1875, 1.75], "texture": "#0"},
				"down": {"uv": [4.25, 2.75, 3.1875, 3.75], "texture": "#0"}
			}
		},
		{
			"from": [-11, 10.6, -2],
			"to": [-3, 10.6, 10],
			"faces": {
				"north": {"uv": [4.875, 0.625, 6.5, 0.875], "texture": "#0"},
				"east": {"uv": [3.25, 1.5, 4.125, 1.75], "texture": "#0"},
				"south": {"uv": [4.875, 4.5, 6.5, 4.75], "texture": "#0"},
				"west": {"uv": [6.1875, 2, 7.0625, 2.25], "texture": "#0"},
				"up": {"uv": [1.625, 0.875, 0, 0], "texture": "#0"},
				"down": {"uv": [1.625, 0.875, 0, 1.75], "texture": "#0"}
			}
		},
		{
			"from": [-10, 1, -3],
			"to": [16, 5, 11],
			"faces": {
				"north": {"uv": [5.6875, 2.3125, 7.3125, 2.5625], "texture": "#0"},
				"east": {"uv": [6.1875, 4, 7.0625, 4.25], "texture": "#0"},
				"south": {"uv": [5.6875, 2.5625, 7.3125, 2.8125], "texture": "#0"},
				"west": {"uv": [6.1875, 4.25, 7.0625, 4.5], "texture": "#0"},
				"up": {"uv": [3.25, 0.875, 1.625, 0], "texture": "#0"},
				"down": {"uv": [3.25, 0.875, 1.625, 1.75], "texture": "#0"}
			}
		},
		{
			"from": [20, 7, 6],
			"to": [23, 11, 10],
			"faces": {
				"north": {"uv": [7.375, 6.25, 7.5625, 6.5], "texture": "#0"},
				"east": {"uv": [4.25, 3.5, 4.5, 3.75], "texture": "#0"},
				"south": {"uv": [7.375, 6.5, 7.5625, 6.75], "texture": "#0"},
				"west": {"uv": [4.5, 3.5, 4.75, 3.75], "texture": "#0"},
				"up": {"uv": [7.625, 2.0625, 7.4375, 1.8125], "texture": "#0"},
				"down": {"uv": [7.625, 2.8125, 7.4375, 3.0625], "texture": "#0"}
			}
		},
		{
			"from": [0, 1, -8.4],
			"to": [23, 9, -7.4],
			"rotation": {"angle": 0, "axis": "y", "origin": [0, 0, 7.6]},
			"faces": {
				"north": {"uv": [4.25, 2, 5.6875, 2.5], "texture": "#0"},
				"east": {"uv": [3, 7.5, 3.0625, 8], "texture": "#0"},
				"south": {"uv": [4.25, 2.5, 5.6875, 3], "texture": "#0"},
				"west": {"uv": [3.0625, 7.5, 3.125, 8], "texture": "#0"},
				"up": {"uv": [8.375, 5.1875, 6.9375, 5.125], "texture": "#0"},
				"down": {"uv": [8.4375, 1.75, 7, 1.8125], "texture": "#0"}
			}
		},
		{
			"from": [15.1, 1, -16],
			"to": [22, 16, -15],
			"rotation": {"angle": -22.5, "axis": "y", "origin": [0, 0, 7.6]},
			"faces": {
				"north": {"uv": [5, 5.0625, 5.4375, 6], "texture": "#0"},
				"east": {"uv": [5.6875, 7.375, 5.75, 8.3125], "texture": "#0"},
				"south": {"uv": [0, 5.25, 0.4375, 6.1875], "texture": "#0"},
				"west": {"uv": [5.75, 7.375, 5.8125, 8.3125], "texture": "#0"},
				"up": {"uv": [8, 0.5, 7.5625, 0.4375], "texture": "#0"},
				"down": {"uv": [8, 0.5, 7.5625, 0.5625], "texture": "#0"}
			}
		},
		{
			"from": [29, 1, 0.5],
			"to": [32, 2, 7.6],
			"rotation": {"angle": 0, "axis": "z", "origin": [0, 0, 7.6]},
			"faces": {
				"north": {"uv": [7.75, 1.0625, 7.9375, 1.125], "texture": "#0"},
				"east": {"uv": [7.5625, 0.3125, 8, 0.375], "texture": "#0"},
				"south": {"uv": [7.75, 1.125, 7.9375, 1.1875], "texture": "#0"},
				"west": {"uv": [7.5625, 0.375, 8, 0.4375], "texture": "#0"},
				"up": {"uv": [7.375, 3.25, 7.1875, 2.8125], "texture": "#0"},
				"down": {"uv": [7.375, 5.4375, 7.1875, 5.875], "texture": "#0"}
			}
		},
		{
			"from": [29, 2, -2.5],
			"to": [32, 3, 4.6],
			"rotation": {"angle": 0, "axis": "z", "origin": [0, 0, 7.6]},
			"faces": {
				"north": {"uv": [7.75, 0.9375, 7.9375, 1], "texture": "#0"},
				"east": {"uv": [7.5625, 0.1875, 8, 0.25], "texture": "#0"},
				"south": {"uv": [7.75, 1, 7.9375, 1.0625], "texture": "#0"},
				"west": {"uv": [7.5625, 0.25, 8, 0.3125], "texture": "#0"},
				"up": {"uv": [7.375, 1.3125, 7.1875, 0.875], "texture": "#0"},
				"down": {"uv": [7.375, 1.3125, 7.1875, 1.75], "texture": "#0"}
			}
		},
		{
			"from": [29, 3, -4.5],
			"to": [32, 4, 1.6],
			"rotation": {"angle": 0, "axis": "z", "origin": [0, 0, 7.6]},
			"faces": {
				"north": {"uv": [0.75, 7.75, 0.9375, 7.8125], "texture": "#0"},
				"east": {"uv": [7.625, 1.9375, 8, 2], "texture": "#0"},
				"south": {"uv": [7.75, 0.875, 7.9375, 0.9375], "texture": "#0"},
				"west": {"uv": [7.625, 2, 8, 2.0625], "texture": "#0"},
				"up": {"uv": [7.5, 2.6875, 7.3125, 2.3125], "texture": "#0"},
				"down": {"uv": [4.125, 7.3125, 3.9375, 7.6875], "texture": "#0"}
			}
		},
		{
			"from": [29, 4, -5.5],
			"to": [32, 5, -1.4],
			"rotation": {"angle": 0, "axis": "z", "origin": [0, 0, 7.6]},
			"faces": {
				"north": {"uv": [7.6875, 7.6875, 7.875, 7.75], "texture": "#0"},
				"east": {"uv": [7.625, 7.375, 7.875, 7.4375], "texture": "#0"},
				"south": {"uv": [0, 7.75, 0.1875, 7.8125], "texture": "#0"},
				"west": {"uv": [7.625, 7.4375, 7.875, 7.5], "texture": "#0"},
				"up": {"uv": [7.625, 7.5, 7.4375, 7.25], "texture": "#0"},
				"down": {"uv": [0.9375, 7.5, 0.75, 7.75], "texture": "#0"}
			}
		},
		{
			"from": [29, 5, -6.5],
			"to": [32, 7, -4.4],
			"rotation": {"angle": 0, "axis": "z", "origin": [0, 0, 7.6]},
			"faces": {
				"north": {"uv": [0, 7.625, 0.1875, 7.75], "texture": "#0"},
				"east": {"uv": [5.0625, 7.625, 5.1875, 7.75], "texture": "#0"},
				"south": {"uv": [1.75, 7.625, 1.9375, 7.75], "texture": "#0"},
				"west": {"uv": [7.625, 7.25, 7.75, 7.375], "texture": "#0"},
				"up": {"uv": [7.8125, 1.9375, 7.625, 1.8125], "texture": "#0"},
				"down": {"uv": [2.125, 7.625, 1.9375, 7.75], "texture": "#0"}
			}
		},
		{
			"from": [29, 7, -7.5],
			"to": [32, 11, -5.4],
			"rotation": {"angle": 0, "axis": "z", "origin": [0, 0, 7.6]},
			"faces": {
				"north": {"uv": [7.4375, 6.75, 7.625, 7], "texture": "#0"},
				"east": {"uv": [6.875, 1.125, 7, 1.375], "texture": "#0"},
				"south": {"uv": [7.4375, 7, 7.625, 7.25], "texture": "#0"},
				"west": {"uv": [7.0625, 0.875, 7.1875, 1.125], "texture": "#0"},
				"up": {"uv": [7.4375, 7.6875, 7.25, 7.5625], "texture": "#0"},
				"down": {"uv": [7.625, 7.5625, 7.4375, 7.6875], "texture": "#0"}
			}
		},
		{
			"from": [29, 11, -6.5],
			"to": [32, 13, -4.4],
			"rotation": {"angle": 0, "axis": "z", "origin": [0, 0, 7.6]},
			"faces": {
				"north": {"uv": [7.5625, 6.375, 7.75, 6.5], "texture": "#0"},
				"east": {"uv": [5.4375, 7.5625, 5.5625, 7.6875], "texture": "#0"},
				"south": {"uv": [7.5625, 6.5, 7.75, 6.625], "texture": "#0"},
				"west": {"uv": [2.125, 7.625, 2.25, 7.75], "texture": "#0"},
				"up": {"uv": [7.75, 6.75, 7.5625, 6.625], "texture": "#0"},
				"down": {"uv": [7.25, 7.5625, 7.0625, 7.6875], "texture": "#0"}
			}
		},
		{
			"from": [29, 13, -5.5],
			"to": [32, 14, -1.4],
			"rotation": {"angle": 0, "axis": "z", "origin": [0, 0, 7.6]},
			"faces": {
				"north": {"uv": [7.3125, 7.6875, 7.5, 7.75], "texture": "#0"},
				"east": {"uv": [7.625, 7.125, 7.875, 7.1875], "texture": "#0"},
				"south": {"uv": [7.5, 7.6875, 7.6875, 7.75], "texture": "#0"},
				"west": {"uv": [7.625, 7.1875, 7.875, 7.25], "texture": "#0"},
				"up": {"uv": [5.0625, 7.6875, 4.875, 7.4375], "texture": "#0"},
				"down": {"uv": [6.75, 7.4375, 6.5625, 7.6875], "texture": "#0"}
			}
		},
		{
			"from": [29, 14, -4.5],
			"to": [32, 15, 1.6],
			"rotation": {"angle": 0, "axis": "z", "origin": [0, 0, 7.6]},
			"faces": {
				"north": {"uv": [6.9375, 7.6875, 7.125, 7.75], "texture": "#0"},
				"east": {"uv": [7.5625, 4.25, 7.9375, 4.3125], "texture": "#0"},
				"south": {"uv": [7.125, 7.6875, 7.3125, 7.75], "texture": "#0"},
				"west": {"uv": [7.5625, 5.8125, 7.9375, 5.875], "texture": "#0"},
				"up": {"uv": [7.4375, 7.1875, 7.25, 6.8125], "texture": "#0"},
				"down": {"uv": [7.4375, 7.1875, 7.25, 7.5625], "texture": "#0"}
			}
		},
		{
			"from": [29, 15, -2.5],
			"to": [32, 16, 4.6],
			"rotation": {"angle": 0, "axis": "z", "origin": [0, 0, 7.6]},
			"faces": {
				"north": {"uv": [6.5625, 7.6875, 6.75, 7.75], "texture": "#0"},
				"east": {"uv": [7.5625, 0.0625, 8, 0.125], "texture": "#0"},
				"south": {"uv": [6.75, 7.6875, 6.9375, 7.75], "texture": "#0"},
				"west": {"uv": [7.5625, 0.125, 8, 0.1875], "texture": "#0"},
				"up": {"uv": [7.25, 7.5625, 7.0625, 7.125], "texture": "#0"},
				"down": {"uv": [0.1875, 7.1875, 0, 7.625], "texture": "#0"}
			}
		},
		{
			"from": [29, 16, 0.5],
			"to": [32, 17, 7.6],
			"rotation": {"angle": 0, "axis": "z", "origin": [0, 0, 7.6]},
			"faces": {
				"north": {"uv": [6.0625, 7.6875, 6.25, 7.75], "texture": "#0"},
				"east": {"uv": [7.4375, 7.5, 7.875, 7.5625], "texture": "#0"},
				"south": {"uv": [6.25, 7.6875, 6.4375, 7.75], "texture": "#0"},
				"west": {"uv": [7.5625, 0, 8, 0.0625], "texture": "#0"},
				"up": {"uv": [5.5625, 7.5625, 5.375, 7.125], "texture": "#0"},
				"down": {"uv": [6.4375, 7.125, 6.25, 7.5625], "texture": "#0"}
			}
		},
		{
			"from": [4.8, 17, -8.4],
			"to": [10.1, 27.5, -7.4],
			"rotation": {"angle": -45, "axis": "z", "origin": [0, 0, 7.6]},
			"faces": {
				"north": {"uv": [6.4375, 4.75, 6.75, 5.4375], "texture": "#0"},
				"east": {"uv": [5.375, 6, 5.4375, 6.6875], "texture": "#0"},
				"south": {"uv": [6.25, 6.4375, 6.5625, 7.125], "texture": "#0"},
				"west": {"uv": [5.8125, 7.375, 5.875, 8.0625], "texture": "#0"},
				"up": {"uv": [7.9375, 2.875, 7.625, 2.8125], "texture": "#0"},
				"down": {"uv": [7.9375, 2.875, 7.625, 2.9375], "texture": "#0"}
			}
		},
		{
			"from": [22, 5, -13.6],
			"to": [30.5, 6, -8.3],
			"rotation": {"angle": 22.5, "axis": "x", "origin": [0, 0, 7.6]},
			"faces": {
				"north": {"uv": [5.6875, 2.9375, 6.25, 3], "texture": "#0"},
				"east": {"uv": [7.625, 6.8125, 7.9375, 6.875], "texture": "#0"},
				"south": {"uv": [7.4375, 2.0625, 8, 2.125], "texture": "#0"},
				"west": {"uv": [7.625, 6.875, 7.9375, 6.9375], "texture": "#0"},
				"up": {"uv": [7.25, 3.6875, 6.6875, 3.375], "texture": "#0"},
				"down": {"uv": [7.25, 3.6875, 6.6875, 4], "texture": "#0"}
			}
		},
		{
			"from": [1, 11, -6.6],
			"to": [30.5, 12, -1.3],
			"rotation": {"angle": -22.5, "axis": "x", "origin": [0, 0, 7.6]},
			"faces": {
				"north": {"uv": [6.75, 5.1875, 8.625, 5.25], "texture": "#0"},
				"east": {"uv": [6.75, 7.625, 7.0625, 7.6875], "texture": "#0"},
				"south": {"uv": [6.75, 5.25, 8.625, 5.3125], "texture": "#0"},
				"west": {"uv": [7.625, 6.75, 7.9375, 6.8125], "texture": "#0"},
				"up": {"uv": [6.75, 0.3125, 4.875, 0], "texture": "#0"},
				"down": {"uv": [6.75, 0.3125, 4.875, 0.625], "texture": "#0"}
			}
		},
		{
			"from": [17, 1, -7.6],
			"to": [25, 8.6, 5.6],
			"rotation": {"angle": 0, "axis": "z", "origin": [0, 0, 7.6]},
			"faces": {
				"north": {"uv": [6.1875, 1.5, 6.6875, 2], "texture": "#0"},
				"east": {"uv": [5.375, 4, 6.1875, 4.5], "texture": "#0"},
				"south": {"uv": [6.1875, 3.5, 6.6875, 4], "texture": "#0"},
				"west": {"uv": [5.5625, 3, 6.375, 3.5], "texture": "#0"},
				"up": {"uv": [1.9375, 6.5625, 1.4375, 5.75], "texture": "#0"},
				"down": {"uv": [2.4375, 5.75, 1.9375, 6.5625], "texture": "#0"}
			}
		},
		{
			"from": [22, 1, -8.2],
			"to": [27, 15.6, 5],
			"rotation": {"angle": 0, "axis": "z", "origin": [0, 0, 7.6]},
			"faces": {
				"north": {"uv": [4.4375, 6, 4.75, 7], "texture": "#0"},
				"east": {"uv": [2.4375, 3.75, 3.25, 4.75], "texture": "#0"},
				"south": {"uv": [4.75, 6, 5.0625, 7], "texture": "#0"},
				"west": {"uv": [3.25, 3.75, 4.0625, 4.75], "texture": "#0"},
				"up": {"uv": [2.75, 6.875, 2.4375, 6.0625], "texture": "#0"},
				"down": {"uv": [3.0625, 6.0625, 2.75, 6.875], "texture": "#0"}
			}
		},
		{
			"from": [0, 1, -8.4],
			"to": [17, 2, 7.6],
			"rotation": {"angle": 0, "axis": "y", "origin": [0, 0, 7.6]},
			"faces": {
				"north": {"uv": [7, 6.125, 8.0625, 6.1875], "texture": "#0"},
				"east": {"uv": [7.25, 0.8125, 8.25, 0.875], "texture": "#0"},
				"south": {"uv": [7.125, 4.875, 8.1875, 4.9375], "texture": "#0"},
				"west": {"uv": [7.25, 2.1875, 8.25, 2.25], "texture": "#0"},
				"up": {"uv": [3.1875, 2.75, 2.125, 1.75], "texture": "#0"},
				"down": {"uv": [1.0625, 2.75, 0, 3.75], "texture": "#0"}
			}
		},
		{
			"from": [20, 7, -2.4],
			"to": [23, 11, 0.6],
			"rotation": {"angle": 0, "axis": "y", "origin": [0, 0, 7.6]},
			"faces": {
				"north": {"uv": [7.4375, 3.0625, 7.625, 3.3125], "texture": "#0"},
				"east": {"uv": [7.4375, 3.3125, 7.625, 3.5625], "texture": "#0"},
				"south": {"uv": [4.5, 7.4375, 4.6875, 7.6875], "texture": "#0"},
				"west": {"uv": [4.6875, 7.4375, 4.875, 7.6875], "texture": "#0"},
				"up": {"uv": [6.875, 6.4375, 6.6875, 6.25], "texture": "#0"},
				"down": {"uv": [7.5625, 5.6875, 7.375, 5.875], "texture": "#0"}
			}
		},
		{
			"from": [20, 16, 0.5],
			"to": [23, 17, 7.6],
			"rotation": {"angle": 0, "axis": "z", "origin": [0, 0, 7.6]},
			"faces": {
				"north": {"uv": [5.375, 7.6875, 5.5625, 7.75], "texture": "#0"},
				"east": {"uv": [7.5, 4.6875, 7.9375, 4.75], "texture": "#0"},
				"south": {"uv": [5.875, 7.6875, 6.0625, 7.75], "texture": "#0"},
				"west": {"uv": [7.5, 4.75, 7.9375, 4.8125], "texture": "#0"},
				"up": {"uv": [3.9375, 7.5625, 3.75, 7.125], "texture": "#0"},
				"down": {"uv": [7.3125, 4.4375, 7.125, 4.875], "texture": "#0"}
			}
		},
		{
			"from": [20, 5.8, -5.7],
			"to": [23, 12.9, -0.7],
			"rotation": {"angle": 22.5, "axis": "x", "origin": [0, 0, 7.6]},
			"faces": {
				"north": {"uv": [7.0625, 6.6875, 7.25, 7.125], "texture": "#0"},
				"east": {"uv": [0, 6.75, 0.3125, 7.1875], "texture": "#0"},
				"south": {"uv": [3.5625, 7.125, 3.75, 7.5625], "texture": "#0"},
				"west": {"uv": [6.75, 0, 7.0625, 0.4375], "texture": "#0"},
				"up": {"uv": [7.5625, 1.5, 7.375, 1.1875], "texture": "#0"},
				"down": {"uv": [7.5625, 3.75, 7.375, 4.0625], "texture": "#0"}
			}
		},
		{
			"from": [-4, 1, -7.4],
			"to": [17, 9, -6.4],
			"rotation": {"angle": 0, "axis": "y", "origin": [0, 0, 7.6]},
			"faces": {
				"north": {"uv": [0, 4.75, 1.3125, 5.25], "texture": "#0"},
				"east": {"uv": [2.875, 7.5, 2.9375, 8], "texture": "#0"},
				"south": {"uv": [1.3125, 4.75, 2.625, 5.25], "texture": "#0"},
				"west": {"uv": [2.9375, 7.5, 3, 8], "texture": "#0"},
				"up": {"uv": [8.3125, 6.0625, 7, 6], "texture": "#0"},
				"down": {"uv": [8.3125, 6.0625, 7, 6.125], "texture": "#0"}
			}
		},
		{
			"from": [-7, 1, -6.4],
			"to": [0, 9.5, -5.4],
			"rotation": {"angle": 0, "axis": "y", "origin": [0, 0, 7.6]},
			"faces": {
				"north": {"uv": [6.375, 2.8125, 6.8125, 3.375], "texture": "#0"},
				"east": {"uv": [2.625, 7.5, 2.6875, 8.0625], "texture": "#0"},
				"south": {"uv": [6.4375, 0.875, 6.875, 1.4375], "texture": "#0"},
				"west": {"uv": [2.6875, 7.5, 2.75, 8.0625], "texture": "#0"},
				"up": {"uv": [7.9375, 4.625, 7.5, 4.5625], "texture": "#0"},
				"down": {"uv": [7.9375, 4.625, 7.5, 4.6875], "texture": "#0"}
			}
		},
		{
			"from": [-9, 1, -5.4],
			"to": [-1, 10, -4.4],
			"rotation": {"angle": 0, "axis": "y", "origin": [0, 0, 7.6]},
			"faces": {
				"north": {"uv": [0.4375, 6.6875, 0.75, 7.25], "texture": "#0"},
				"east": {"uv": [2.5, 7.5, 2.5625, 8.0625], "texture": "#0"},
				"south": {"uv": [6.6875, 1.4375, 7, 2], "texture": "#0"},
				"west": {"uv": [2.5625, 7.5, 2.625, 8.0625], "texture": "#0"},
				"up": {"uv": [7.9375, 3.5, 7.625, 3.4375], "texture": "#0"},
				"down": {"uv": [7.9375, 3.5, 7.625, 3.5625], "texture": "#0"}
			}
		},
		{
			"from": [-10, 1, -4.4],
			"to": [-2, 10.3, -2.4],
			"rotation": {"angle": 0, "axis": "y", "origin": [0, 0, 7.6]},
			"faces": {
				"north": {"uv": [4.125, 7, 4.3125, 7.5625], "texture": "#0"},
				"east": {"uv": [7.25, 3.8125, 7.375, 4.375], "texture": "#0"},
				"south": {"uv": [4.3125, 7, 4.5, 7.5625], "texture": "#0"},
				"west": {"uv": [7.25, 6.25, 7.375, 6.8125], "texture": "#0"},
				"up": {"uv": [6.4375, 7.6875, 6.25, 7.5625], "texture": "#0"},
				"down": {"uv": [7.75, 6.25, 7.5625, 6.375], "texture": "#0"}
			}
		},
		{
			"from": [-11, 1, -2.4],
			"to": [-3, 10.7, -0.4],
			"rotation": {"angle": 0, "axis": "y", "origin": [0, 0, 7.6]},
			"faces": {
				"north": {"uv": [6.9375, 4.5, 7.125, 5.125], "texture": "#0"},
				"east": {"uv": [1.5, 7.25, 1.625, 7.875], "texture": "#0"},
				"south": {"uv": [7, 1.125, 7.1875, 1.75], "texture": "#0"},
				"west": {"uv": [1.625, 7.25, 1.75, 7.875], "texture": "#0"},
				"up": {"uv": [6.0625, 7.6875, 5.875, 7.5625], "texture": "#0"},
				"down": {"uv": [6.25, 7.5625, 6.0625, 7.6875], "texture": "#0"}
			}
		},
		{
			"from": [-12, 1, -0.4],
			"to": [-3, 11, 1.6],
			"rotation": {"angle": 0, "axis": "y", "origin": [0, 0, 7.6]},
			"faces": {
				"north": {"uv": [6.875, 6.25, 7.0625, 6.875], "texture": "#0"},
				"east": {"uv": [1.25, 7.25, 1.375, 7.875], "texture": "#0"},
				"south": {"uv": [6.875, 6.875, 7.0625, 7.5], "texture": "#0"},
				"west": {"uv": [1.375, 7.25, 1.5, 7.875], "texture": "#0"},
				"up": {"uv": [7.75, 5.6875, 7.5625, 5.5625], "texture": "#0"},
				"down": {"uv": [7.75, 5.6875, 7.5625, 5.8125], "texture": "#0"}
			}
		},
		{
			"from": [-13, 1, 0.6],
			"to": [-3, 12.2, 2.6],
			"rotation": {"angle": 0, "axis": "y", "origin": [0, 0, 7.6]},
			"faces": {
				"north": {"uv": [5.0625, 6.8125, 5.25, 7.5], "texture": "#0"},
				"east": {"uv": [0.3125, 6.75, 0.4375, 7.4375], "texture": "#0"},
				"south": {"uv": [6.875, 0.4375, 7.0625, 1.125], "texture": "#0"},
				"west": {"uv": [5.25, 6.8125, 5.375, 7.5], "texture": "#0"},
				"up": {"uv": [5.4375, 7.6875, 5.25, 7.5625], "texture": "#0"},
				"down": {"uv": [7.75, 5.4375, 7.5625, 5.5625], "texture": "#0"}
			}
		},
		{
			"from": [-12, 1.5, 0],
			"to": [-3, 11.4, 1.6],
			"rotation": {"angle": 0, "axis": "y", "origin": [0, 0, 7.6]},
			"faces": {
				"north": {"uv": [5.875, 6.875, 6.0625, 7.5], "texture": "#0"},
				"east": {"uv": [0.5625, 7.25, 0.6875, 7.875], "texture": "#0"},
				"south": {"uv": [6.0625, 6.875, 6.25, 7.5], "texture": "#0"},
				"west": {"uv": [1.125, 7.25, 1.25, 7.875], "texture": "#0"},
				"up": {"uv": [7.75, 4.25, 7.5625, 4.125], "texture": "#0"},
				"down": {"uv": [4.5, 7.5625, 4.3125, 7.6875], "texture": "#0"}
			}
		}
	],
	"display": {}
}