{
	"credit": "Made with Blockbench",
	"texture_size": [256, 256],
	"textures": {
		"0": "block/texture",
		"1": "block/636690017200820617",
		"2": "block/899bc9b9cec99d6bd98003e2f2db7a62",
		"3": "block/R",
		"particle": "block/texture"
	},
	"elements": [
		{
			"from": [-15, 0, -15],
			"to": [31, 11, 31],
			"faces": {
				"north": {"uv": [5.65106, 6.54468, 16, 16], "texture": "#2"},
				"east": {"uv": [5.80266, 6.55691, 16, 16], "texture": "#2"},
				"south": {"uv": [5.75, 6.625, 16, 16], "texture": "#2"},
				"west": {"uv": [5.85532, 6.6875, 16, 16], "texture": "#2"},
				"up": {"uv": [16, 16, 0, 0.17021], "texture": "#2"},
				"down": {"uv": [5.875, 2.875, 3, 5.75], "texture": "#0"}
			}
		},
		{
			"from": [-16, 25, -16],
			"to": [32, 26, 32],
			"faces": {
				"north": {"uv": [7.64521, 12.26277, 16, 16], "texture": "#2"},
				"east": {"uv": [7.64521, 12.1891, 15.93191, 16], "texture": "#2"},
				"south": {"uv": [7.27074, 12.08138, 16, 16], "texture": "#2"},
				"west": {"uv": [7.40691, 12.24601, 16, 16], "texture": "#2"},
				"up": {"uv": [16, 16, 0, 0], "texture": "#2"},
				"down": {"uv": [16, 0, 0, 16], "texture": "#2"}
			}
		},
		{
			"from": [31, 0, -16],
			"to": [32, 11, -15],
			"faces": {
				"north": {"uv": [4.85213, 7.73935, 7.89975, 16], "texture": "#3"},
				"east": {"uv": [4.5625, 7.5625, 7.95332, 15.98935], "texture": "#3"},
				"south": {"uv": [4.625, 7.5625, 7.85542, 16], "texture": "#3"},
				"west": {"uv": [4.6875, 7.5625, 7.95802, 16], "texture": "#3"},
				"up": {"uv": [2.9375, 6.25, 2.875, 6.1875], "texture": "#0"},
				"down": {"uv": [3, 6.1875, 2.9375, 6.25], "texture": "#0"}
			}
		},
		{
			"from": [-16, 0, -16],
			"to": [-15, 11, -15],
			"faces": {
				"north": {"uv": [4.85213, 7.73935, 7.89975, 16], "texture": "#3"},
				"east": {"uv": [4.5625, 7.5625, 7.95332, 15.98935], "texture": "#3"},
				"south": {"uv": [4.625, 7.5625, 7.85542, 16], "texture": "#3"},
				"west": {"uv": [4.6875, 7.5625, 7.95802, 16], "texture": "#3"},
				"up": {"uv": [2.9375, 6.25, 2.875, 6.1875], "texture": "#0"},
				"down": {"uv": [3, 6.1875, 2.9375, 6.25], "texture": "#0"}
			}
		},
		{
			"from": [-16, 0, 31],
			"to": [-15, 11, 32],
			"faces": {
				"north": {"uv": [4.85213, 7.73935, 7.89975, 16], "texture": "#3"},
				"east": {"uv": [4.5625, 7.5625, 7.95332, 15.98935], "texture": "#3"},
				"south": {"uv": [4.625, 7.5625, 7.85542, 16], "texture": "#3"},
				"west": {"uv": [4.6875, 7.5625, 7.95802, 16], "texture": "#3"},
				"up": {"uv": [2.9375, 6.25, 2.875, 6.1875], "texture": "#0"},
				"down": {"uv": [3, 6.1875, 2.9375, 6.25], "texture": "#0"}
			}
		},
		{
			"from": [-14, 11, 29],
			"to": [-13, 25, 30],
			"faces": {
				"north": {"uv": [4.85213, 7.73935, 7.89975, 16], "texture": "#3"},
				"east": {"uv": [4.5625, 7.5625, 7.95332, 15.98935], "texture": "#3"},
				"south": {"uv": [4.625, 7.5625, 7.85542, 16], "texture": "#3"},
				"west": {"uv": [4.6875, 7.5625, 7.95802, 16], "texture": "#3"},
				"up": {"uv": [2.9375, 6.25, 2.875, 6.1875], "texture": "#0"},
				"down": {"uv": [3, 6.1875, 2.9375, 6.25], "texture": "#0"}
			}
		},
		{
			"from": [-14, 11, -13],
			"to": [-13, 25, -12],
			"faces": {
				"north": {"uv": [4.85213, 7.73935, 7.89975, 16], "texture": "#3"},
				"east": {"uv": [4.5625, 7.5625, 7.95332, 15.98935], "texture": "#3"},
				"south": {"uv": [4.625, 7.5625, 7.85542, 16], "texture": "#3"},
				"west": {"uv": [4.6875, 7.5625, 7.95802, 16], "texture": "#3"},
				"up": {"uv": [2.9375, 6.25, 2.875, 6.1875], "texture": "#0"},
				"down": {"uv": [3, 6.1875, 2.9375, 6.25], "texture": "#0"}
			}
		},
		{
			"from": [29, 11, -13],
			"to": [30, 25, -12],
			"faces": {
				"north": {"uv": [4.85213, 7.73935, 7.89975, 16], "texture": "#3"},
				"east": {"uv": [4.5625, 7.5625, 7.95332, 15.98935], "texture": "#3"},
				"south": {"uv": [4.625, 7.5625, 7.85542, 16], "texture": "#3"},
				"west": {"uv": [4.6875, 7.5625, 7.95802, 16], "texture": "#3"},
				"up": {"uv": [2.9375, 6.25, 2.875, 6.1875], "texture": "#0"},
				"down": {"uv": [3, 6.1875, 2.9375, 6.25], "texture": "#0"}
			}
		},
		{
			"from": [29, 11, 29],
			"to": [30, 25, 30],
			"faces": {
				"north": {"uv": [4.85213, 7.73935, 7.89975, 16], "texture": "#3"},
				"east": {"uv": [4.5625, 7.5625, 7.95332, 15.98935], "texture": "#3"},
				"south": {"uv": [4.625, 7.5625, 7.85542, 16], "texture": "#3"},
				"west": {"uv": [4.6875, 7.5625, 7.95802, 16], "texture": "#3"},
				"up": {"uv": [2.9375, 6.25, 2.875, 6.1875], "texture": "#0"},
				"down": {"uv": [3, 6.1875, 2.9375, 6.25], "texture": "#0"}
			}
		},
		{
			"from": [-14, 11, 29],
			"to": [-13, 25, 30],
			"faces": {
				"north": {"uv": [4.85213, 7.73935, 7.89975, 16], "texture": "#3"},
				"east": {"uv": [4.5625, 7.5625, 7.95332, 15.98935], "texture": "#3"},
				"south": {"uv": [4.625, 7.5625, 7.85542, 16], "texture": "#3"},
				"west": {"uv": [4.6875, 7.5625, 7.95802, 16], "texture": "#3"},
				"up": {"uv": [2.9375, 6.25, 2.875, 6.1875], "texture": "#0"},
				"down": {"uv": [3, 6.1875, 2.9375, 6.25], "texture": "#0"}
			}
		},
		{
			"from": [31, 0, 31],
			"to": [32, 11, 32],
			"faces": {
				"north": {"uv": [4.85213, 7.73935, 7.89975, 16], "texture": "#3"},
				"east": {"uv": [4.5625, 7.5625, 7.95332, 15.98935], "texture": "#3"},
				"south": {"uv": [4.625, 7.5625, 7.85542, 16], "texture": "#3"},
				"west": {"uv": [4.6875, 7.5625, 7.95802, 16], "texture": "#3"},
				"up": {"uv": [2.9375, 6.25, 2.875, 6.1875], "texture": "#0"},
				"down": {"uv": [3, 6.1875, 2.9375, 6.25], "texture": "#0"}
			}
		},
		{
			"from": [-15, 10, 31],
			"to": [31, 11, 32],
			"faces": {
				"north": {"uv": [2.875, 7.3125, 5.75, 7.375], "texture": "#0"},
				"east": {"uv": [2.875, 6.3125, 2.9375, 6.375], "texture": "#0"},
				"south": {"uv": [5.75, 7.3125, 16, 16], "texture": "#3"},
				"west": {"uv": [2.9375, 6.3125, 3, 6.375], "texture": "#0"},
				"up": {"uv": [16, 16, 5.89474, 7.5755], "texture": "#3"},
				"down": {"uv": [16, 7.4151, 5.88252, 16], "texture": "#3"}
			}
		},
		{
			"from": [-15, 10, -16],
			"to": [31, 11, -15],
			"faces": {
				"north": {"uv": [5.84242, 7.3526, 16, 16], "texture": "#3"},
				"east": {"uv": [2.875, 6.3125, 2.9375, 6.375], "texture": "#0"},
				"south": {"uv": [5.75, 7.3125, 16, 16], "texture": "#3"},
				"west": {"uv": [2.9375, 6.3125, 3, 6.375], "texture": "#0"},
				"up": {"uv": [16, 16, 5.89474, 7.5755], "texture": "#3"},
				"down": {"uv": [16, 7.4151, 5.88252, 16], "texture": "#3"}
			}
		},
		{
			"from": [31, 10, -15],
			"to": [32, 11, 31],
			"faces": {
				"north": {"uv": [2.9375, 6.3125, 3, 6.375], "texture": "#0"},
				"east": {"uv": [5.84242, 7.3526, 16, 16], "texture": "#3"},
				"south": {"uv": [2.875, 6.3125, 2.9375, 6.375], "texture": "#0"},
				"west": {"uv": [5.75, 7.3125, 16, 16], "texture": "#3"},
				"up": {"uv": [16, 16, 5.89474, 7.5755], "rotation": 90, "texture": "#3"},
				"down": {"uv": [16, 7.4151, 5.88252, 16], "rotation": 270, "texture": "#3"}
			}
		},
		{
			"from": [-16, 10, -15],
			"to": [-15, 11, 31],
			"faces": {
				"north": {"uv": [2.9375, 6.3125, 3, 6.375], "texture": "#0"},
				"east": {"uv": [5.84242, 7.3526, 16, 16], "texture": "#3"},
				"south": {"uv": [2.875, 6.3125, 2.9375, 6.375], "texture": "#0"},
				"west": {"uv": [5.75, 7.3125, 16, 16], "texture": "#3"},
				"up": {"uv": [16, 16, 5.89474, 7.5755], "rotation": 90, "texture": "#3"},
				"down": {"uv": [16, 7.4151, 5.88252, 16], "rotation": 270, "texture": "#3"}
			}
		},
		{
			"from": [-14, 11, 1],
			"to": [-13, 25, 15],
			"faces": {
				"north": {"uv": [3.625, 7.5625, 3.6875, 8.4375], "texture": "#1"},
				"east": {"uv": [1.155, 0, 14.82, 14.8], "texture": "#1"},
				"south": {"uv": [3.6875, 7.5625, 3.75, 8.4375], "texture": "#1"},
				"west": {"uv": [1.08, 0, 13.32, 16], "texture": "#1"},
				"up": {"uv": [3.1875, 10.1875, 3.125, 7.5625], "texture": "#0"},
				"down": {"uv": [3.25, 7.5625, 3.1875, 10.1875], "texture": "#0"}
			}
		},
		{
			"from": [-14, 11, 15],
			"to": [-13, 25, 29],
			"faces": {
				"north": {"uv": [3.625, 7.5625, 3.6875, 8.4375], "texture": "#1"},
				"east": {"uv": [1.155, 0, 14.82, 14.8], "texture": "#1"},
				"south": {"uv": [3.6875, 7.5625, 3.75, 8.4375], "texture": "#1"},
				"west": {"uv": [1.08, 0, 13.32, 16], "texture": "#1"},
				"up": {"uv": [3.1875, 10.1875, 3.125, 7.5625], "texture": "#0"},
				"down": {"uv": [3.25, 7.5625, 3.1875, 10.1875], "texture": "#0"}
			}
		},
		{
			"from": [-14, 11, -13],
			"to": [-13, 25, 1],
			"faces": {
				"north": {"uv": [3.625, 7.5625, 3.6875, 8.4375], "texture": "#1"},
				"east": {"uv": [1.155, 0, 14.82, 14.8], "texture": "#1"},
				"south": {"uv": [3.6875, 7.5625, 3.75, 8.4375], "texture": "#1"},
				"west": {"uv": [1.08, 0, 13.32, 16], "texture": "#1"},
				"up": {"uv": [3.1875, 10.1875, 3.125, 7.5625], "texture": "#0"},
				"down": {"uv": [3.25, 7.5625, 3.1875, 10.1875], "texture": "#0"}
			}
		},
		{
			"from": [29, 11, 15],
			"to": [30, 25, 29],
			"faces": {
				"north": {"uv": [3.625, 7.5625, 3.6875, 8.4375], "texture": "#1"},
				"east": {"uv": [1.155, 0, 14.82, 14.8], "texture": "#1"},
				"south": {"uv": [3.6875, 7.5625, 3.75, 8.4375], "texture": "#1"},
				"west": {"uv": [1.08, 0, 13.32, 16], "texture": "#1"},
				"up": {"uv": [3.1875, 10.1875, 3.125, 7.5625], "texture": "#0"},
				"down": {"uv": [3.25, 7.5625, 3.1875, 10.1875], "texture": "#0"}
			}
		},
		{
			"from": [29, 11, 1],
			"to": [30, 25, 15],
			"faces": {
				"north": {"uv": [3.625, 7.5625, 3.6875, 8.4375], "texture": "#1"},
				"east": {"uv": [1.155, 0, 14.82, 14.8], "texture": "#1"},
				"south": {"uv": [3.6875, 7.5625, 3.75, 8.4375], "texture": "#1"},
				"west": {"uv": [1.08, 0, 13.32, 16], "texture": "#1"},
				"up": {"uv": [3.1875, 10.1875, 3.125, 7.5625], "texture": "#0"},
				"down": {"uv": [3.25, 7.5625, 3.1875, 10.1875], "texture": "#0"}
			}
		},
		{
			"from": [29, 11, -13],
			"to": [30, 25, 1],
			"faces": {
				"north": {"uv": [3.625, 7.5625, 3.6875, 8.4375], "texture": "#1"},
				"east": {"uv": [1.155, 0, 14.82, 14.8], "texture": "#1"},
				"south": {"uv": [3.6875, 7.5625, 3.75, 8.4375], "texture": "#1"},
				"west": {"uv": [1.08, 0, 13.32, 16], "texture": "#1"},
				"up": {"uv": [3.1875, 10.1875, 3.125, 7.5625], "texture": "#0"},
				"down": {"uv": [3.25, 7.5625, 3.1875, 10.1875], "texture": "#0"}
			}
		},
		{
			"from": [2, 11, 29],
			"to": [16, 25, 30],
			"faces": {
				"north": {"uv": [1.08, 0, 13.32, 16], "texture": "#1"},
				"east": {"uv": [3.625, 7.5625, 3.6875, 8.4375], "texture": "#1"},
				"south": {"uv": [1.155, 0, 14.82, 14.8], "texture": "#1"},
				"west": {"uv": [3.6875, 7.5625, 3.75, 8.4375], "texture": "#1"},
				"up": {"uv": [3.1875, 10.1875, 3.125, 7.5625], "rotation": 90, "texture": "#0"},
				"down": {"uv": [3.25, 7.5625, 3.1875, 10.1875], "rotation": 270, "texture": "#0"}
			}
		},
		{
			"from": [-13, 11, 29],
			"to": [2, 25, 30],
			"faces": {
				"north": {"uv": [1.08, 0, 13.32, 16], "texture": "#1"},
				"east": {"uv": [3.625, 7.5625, 3.6875, 8.4375], "texture": "#1"},
				"south": {"uv": [1.155, 0, 14.82, 14.8], "texture": "#1"},
				"west": {"uv": [3.6875, 7.5625, 3.75, 8.4375], "texture": "#1"},
				"up": {"uv": [3.1875, 10.1875, 3.125, 7.5625], "rotation": 90, "texture": "#0"},
				"down": {"uv": [3.25, 7.5625, 3.1875, 10.1875], "rotation": 270, "texture": "#0"}
			}
		},
		{
			"from": [16, 11, 29],
			"to": [30, 25, 30],
			"faces": {
				"north": {"uv": [1.08, 0, 13.32, 16], "texture": "#1"},
				"east": {"uv": [3.625, 7.5625, 3.6875, 8.4375], "texture": "#1"},
				"south": {"uv": [1.155, 0, 14.82, 14.8], "texture": "#1"},
				"west": {"uv": [3.6875, 7.5625, 3.75, 8.4375], "texture": "#1"},
				"up": {"uv": [3.1875, 10.1875, 3.125, 7.5625], "rotation": 90, "texture": "#0"},
				"down": {"uv": [3.25, 7.5625, 3.1875, 10.1875], "rotation": 270, "texture": "#0"}
			}
		},
		{
			"from": [-14, 11, -13],
			"to": [2, 25, -12],
			"faces": {
				"north": {"uv": [1.08, 0, 13.32, 16], "texture": "#1"},
				"east": {"uv": [3.625, 7.5625, 3.6875, 8.4375], "texture": "#1"},
				"south": {"uv": [1.155, 0, 14.82, 14.8], "texture": "#1"},
				"west": {"uv": [3.6875, 7.5625, 3.75, 8.4375], "texture": "#1"},
				"up": {"uv": [3.1875, 10.1875, 3.125, 7.5625], "rotation": 90, "texture": "#0"},
				"down": {"uv": [3.25, 7.5625, 3.1875, 10.1875], "rotation": 270, "texture": "#0"}
			}
		},
		{
			"from": [2, 11, -13],
			"to": [16, 25, -12],
			"faces": {
				"north": {"uv": [1.08, 0, 13.32, 16], "texture": "#1"},
				"east": {"uv": [3.625, 7.5625, 3.6875, 8.4375], "texture": "#1"},
				"south": {"uv": [1.155, 0, 14.82, 14.8], "texture": "#1"},
				"west": {"uv": [3.6875, 7.5625, 3.75, 8.4375], "texture": "#1"},
				"up": {"uv": [3.1875, 10.1875, 3.125, 7.5625], "rotation": 90, "texture": "#0"},
				"down": {"uv": [3.25, 7.5625, 3.1875, 10.1875], "rotation": 270, "texture": "#0"}
			}
		},
		{
			"from": [16, 11, -13],
			"to": [30, 25, -12],
			"faces": {
				"north": {"uv": [1.08, 0, 13.32, 16], "texture": "#1"},
				"east": {"uv": [3.625, 7.5625, 3.6875, 8.4375], "texture": "#1"},
				"south": {"uv": [1.155, 0, 14.82, 14.8], "texture": "#1"},
				"west": {"uv": [3.6875, 7.5625, 3.75, 8.4375], "texture": "#1"},
				"up": {"uv": [3.1875, 10.1875, 3.125, 7.5625], "rotation": 90, "texture": "#0"},
				"down": {"uv": [3.25, 7.5625, 3.1875, 10.1875], "rotation": 270, "texture": "#0"}
			}
		}
	]
}