{
	"credit": "Made with Blockbench",
	"texture_size": [128, 128],
	"textures": {
		"0": "block/backface",
		"1": "block/sand",
		"2": "block/brickssand",
		"3": "block/birch",
		"particle": "block/backface"
	},
	"elements": [
		{
			"from": [8, 20, 8],
			"to": [32, 32, 9],
			"faces": {
				"north": {"uv": [0, 0, 16, 16], "texture": "#2"},
				"east": {"uv": [3.5, 6, 3.625, 12], "texture": "#0"},
				"south": {"uv": [3, 0, 6, 6], "texture": "#0"},
				"west": {"uv": [3.625, 6, 3.75, 12], "texture": "#0"},
				"up": {"uv": [7.5, 6.125, 4.5, 6], "texture": "#0"},
				"down": {"uv": [7.5, 6.125, 4.5, 6.25], "texture": "#0"}
			}
		},
		{
			"from": [8, 8, 8],
			"to": [32, 20, 9],
			"faces": {
				"north": {"uv": [0, 0, 16, 16], "texture": "#2"},
				"east": {"uv": [3.5, 6, 3.625, 12], "texture": "#0"},
				"south": {"uv": [3, 0, 6, 6], "texture": "#0"},
				"west": {"uv": [3.625, 6, 3.75, 12], "texture": "#0"},
				"up": {"uv": [7.5, 6.125, 4.5, 6], "texture": "#0"},
				"down": {"uv": [7.5, 6.125, 4.5, 6.25], "texture": "#0"}
			}
		},
		{
			"from": [8, -4, 8],
			"to": [32, 8, 9],
			"faces": {
				"north": {"uv": [0, 0, 16, 16], "texture": "#2"},
				"east": {"uv": [3.5, 6, 3.625, 12], "texture": "#0"},
				"south": {"uv": [3, 0, 6, 6], "texture": "#0"},
				"west": {"uv": [3.625, 6, 3.75, 12], "texture": "#0"},
				"up": {"uv": [7.5, 6.125, 4.5, 6], "texture": "#0"},
				"down": {"uv": [7.5, 6.125, 4.5, 6.25], "texture": "#0"}
			}
		},
		{
			"from": [8, -16, 8],
			"to": [32, -4, 9],
			"faces": {
				"north": {"uv": [0, 0, 16, 16], "texture": "#2"},
				"east": {"uv": [3.5, 6, 3.625, 12], "texture": "#0"},
				"south": {"uv": [3, 0, 6, 6], "texture": "#0"},
				"west": {"uv": [3.625, 6, 3.75, 12], "texture": "#0"},
				"up": {"uv": [7.5, 6.125, 4.5, 6], "texture": "#0"},
				"down": {"uv": [7.5, 6.125, 4.5, 6.25], "texture": "#0"}
			}
		},
		{
			"from": [-16, 20, 8],
			"to": [8, 32, 9],
			"faces": {
				"north": {"uv": [0, 0, 16, 16], "texture": "#2"},
				"east": {"uv": [3.5, 6, 3.625, 12], "texture": "#0"},
				"south": {"uv": [3, 0, 6, 6], "texture": "#0"},
				"west": {"uv": [3.625, 6, 3.75, 12], "texture": "#0"},
				"up": {"uv": [7.5, 6.125, 4.5, 6], "texture": "#0"},
				"down": {"uv": [7.5, 6.125, 4.5, 6.25], "texture": "#0"}
			}
		},
		{
			"from": [-16, 8, 8],
			"to": [8, 20, 9],
			"faces": {
				"north": {"uv": [0, 0, 16, 16], "texture": "#2"},
				"east": {"uv": [3.5, 6, 3.625, 12], "texture": "#0"},
				"south": {"uv": [3, 0, 6, 6], "texture": "#0"},
				"west": {"uv": [3.625, 6, 3.75, 12], "texture": "#0"},
				"up": {"uv": [7.5, 6.125, 4.5, 6], "texture": "#0"},
				"down": {"uv": [7.5, 6.125, 4.5, 6.25], "texture": "#0"}
			}
		},
		{
			"from": [-16, -4, 8],
			"to": [8, 8, 9],
			"faces": {
				"north": {"uv": [0, 0, 16, 16], "texture": "#2"},
				"east": {"uv": [3.5, 6, 3.625, 12], "texture": "#0"},
				"south": {"uv": [3, 0, 6, 6], "texture": "#0"},
				"west": {"uv": [3.625, 6, 3.75, 12], "texture": "#0"},
				"up": {"uv": [7.5, 6.125, 4.5, 6], "texture": "#0"},
				"down": {"uv": [7.5, 6.125, 4.5, 6.25], "texture": "#0"}
			}
		},
		{
			"from": [-16, -16, 8],
			"to": [8, -4, 9],
			"faces": {
				"north": {"uv": [0, 0, 16, 16], "texture": "#2"},
				"east": {"uv": [3.5, 6, 3.625, 12], "texture": "#0"},
				"south": {"uv": [3, 0, 6, 6], "texture": "#0"},
				"west": {"uv": [3.625, 6, 3.75, 12], "texture": "#0"},
				"up": {"uv": [7.5, 6.125, 4.5, 6], "texture": "#0"},
				"down": {"uv": [7.5, 6.125, 4.5, 6.25], "texture": "#0"}
			}
		},
		{
			"from": [31, -16, 7],
			"to": [32, 32, 8],
			"faces": {
				"north": {"uv": [12.88, 0.08, 16, 16], "texture": "#1"},
				"east": {"uv": [12.845, 0, 16, 16], "texture": "#1"},
				"south": {"uv": [4.25, 6, 4.375, 12], "texture": "#0"},
				"west": {"uv": [12.975, 0, 16, 16], "texture": "#1"},
				"up": {"uv": [4.875, 7.625, 4.75, 7.5], "texture": "#0"},
				"down": {"uv": [5, 7.5, 4.875, 7.625], "texture": "#0"}
			}
		},
		{
			"from": [-16, -16, 7],
			"to": [-15, 32, 8],
			"faces": {
				"north": {"uv": [12.88, 0.08, 16, 16], "texture": "#1"},
				"east": {"uv": [12.845, 0, 16, 16], "texture": "#1"},
				"south": {"uv": [4.25, 6, 4.375, 12], "texture": "#0"},
				"west": {"uv": [12.975, 0, 16, 16], "texture": "#1"},
				"up": {"uv": [4.875, 7.625, 4.75, 7.5], "texture": "#0"},
				"down": {"uv": [5, 7.5, 4.875, 7.625], "texture": "#0"}
			}
		},
		{
			"from": [9, 31, 7],
			"to": [31, 32, 8],
			"faces": {
				"north": {"uv": [7.25, 7.125, 11.44, 16], "texture": "#3"},
				"east": {"uv": [5.75, 7.5, 5.875, 7.625], "texture": "#0"},
				"south": {"uv": [7.25, 7.25, 10, 7.375], "texture": "#0"},
				"west": {"uv": [7.195, 7.34, 11.28, 16], "texture": "#3"},
				"up": {"uv": [11.29, 16, 7.1, 7.135], "texture": "#3"},
				"down": {"uv": [10, 7.375, 7.25, 7.5], "texture": "#0"}
			}
		},
		{
			"from": [-15, 31, 7],
			"to": [7, 32, 8],
			"faces": {
				"north": {"uv": [7.25, 7.125, 11.44, 16], "texture": "#3"},
				"east": {"uv": [7.19, 7.18, 11.275, 16], "texture": "#3"},
				"south": {"uv": [7.25, 7.25, 10, 7.375], "texture": "#0"},
				"west": {"uv": [7.195, 7.34, 11.28, 16], "texture": "#3"},
				"up": {"uv": [11.29, 16, 7.1, 7.135], "texture": "#3"},
				"down": {"uv": [10, 7.375, 7.25, 7.5], "texture": "#0"}
			}
		},
		{
			"from": [-15, -16, 7],
			"to": [7, -15, 8],
			"faces": {
				"north": {"uv": [7.25, 7.125, 11.44, 16], "texture": "#3"},
				"east": {"uv": [7.19, 7.18, 11.275, 16], "texture": "#3"},
				"south": {"uv": [7.25, 7.25, 10, 7.375], "texture": "#0"},
				"west": {"uv": [7.195, 7.34, 11.28, 16], "texture": "#3"},
				"up": {"uv": [11.29, 16, 7.1, 7.135], "texture": "#3"},
				"down": {"uv": [10, 7.375, 7.25, 7.5], "texture": "#0"}
			}
		},
		{
			"from": [9, -16, 7],
			"to": [31, -15, 8],
			"faces": {
				"north": {"uv": [7.25, 7.125, 11.44, 16], "texture": "#3"},
				"east": {"uv": [5.75, 7.5, 5.875, 7.625], "texture": "#0"},
				"south": {"uv": [7.25, 7.25, 10, 7.375], "texture": "#0"},
				"west": {"uv": [7.195, 7.34, 11.28, 16], "texture": "#3"},
				"up": {"uv": [11.29, 16, 7.1, 7.135], "texture": "#3"},
				"down": {"uv": [10, 7.375, 7.25, 7.5], "texture": "#0"}
			}
		}
	],
	"groups": [
		{
			"name": "group",
			"origin": [0, 0, 0],
			"color": 0,
			"nbt": "{}",
			"armAnimationEnabled": false,
			"children": [0, 1, 2, 3, 4, 5, 6, 7, 8, 9, 10, 11, 12, 13]
		}
	]
}