{
	"credit": "Made by Ultr4Anubis",
	"textures": {
		"0": "block/barrel_bottom",
		"1": "block/hopper_inside",
		"2": "block/single_rider_text",
		"particle": "block/barrel_bottom"
	},
	"elements": [
		{
			"from": [0, 0, 6],
			"to": [16, 1, 10],
			"rotation": {"angle": 0, "axis": "y", "origin": [0, 0, 4]},
			"faces": {
				"north": {"uv": [0, 0, 16, 1], "texture": "#0"},
				"east": {"uv": [0, 0, 4, 1], "texture": "#0"},
				"south": {"uv": [0, 0, 16, 1], "texture": "#0"},
				"west": {"uv": [0, 0, 4, 1], "texture": "#0"},
				"up": {"uv": [0, 0, 16, 4], "texture": "#0"},
				"down": {"uv": [0, 1, 16, 5], "texture": "#0"}
			}
		},
		{
			"from": [-2.92388, 0.38268, 6],
			"to": [0.07612, 1.38268, 10],
			"rotation": {"angle": -22.5, "axis": "z", "origin": [-0.92388, 0.38268, 4]},
			"faces": {
				"north": {"uv": [0, 0, 3, 1], "texture": "#0"},
				"east": {"uv": [0, 0, 4, 1], "texture": "#0"},
				"south": {"uv": [0, 0, 3, 1], "texture": "#0"},
				"west": {"uv": [0, 0, 4, 1], "texture": "#0"},
				"up": {"uv": [0, 0, 3, 4], "texture": "#0"},
				"down": {"uv": [1, 2, 4, 6], "texture": "#0"}
			}
		},
		{
			"from": [15.46508, 6.31075, 6],
			"to": [18.46508, 7.31075, 10],
			"rotation": {"angle": -22.5, "axis": "z", "origin": [17.46508, 6.31075, 4]},
			"faces": {
				"north": {"uv": [0, 0, 3, 1], "texture": "#0"},
				"east": {"uv": [0, 0, 4, 1], "texture": "#0"},
				"south": {"uv": [0, 0, 3, 1], "texture": "#0"},
				"west": {"uv": [0, 0, 4, 1], "texture": "#0"},
				"up": {"uv": [1, 2, 4, 5.7], "texture": "#0"},
				"down": {"uv": [0, 0, 3, 4], "texture": "#0"}
			}
		},
		{
			"from": [15.92388, 0.38268, 6],
			"to": [18.92388, 1.38268, 10],
			"rotation": {"angle": 22.5, "axis": "z", "origin": [16.92388, 0.38268, 4]},
			"faces": {
				"north": {"uv": [3, 0, 6, 1], "texture": "#0"},
				"east": {"uv": [4, 0, 8, 1], "texture": "#0"},
				"south": {"uv": [3, 0, 6, 1], "texture": "#0"},
				"west": {"uv": [4, 0, 8, 1], "texture": "#0"},
				"up": {"uv": [3, 0, 6, 4], "texture": "#0"},
				"down": {"uv": [1, 2, 4, 6], "texture": "#0"}
			}
		},
		{
			"from": [-2.46508, 6.31075, 6],
			"to": [0.53492, 7.31075, 10],
			"rotation": {"angle": 22.5, "axis": "z", "origin": [-1.46508, 6.31075, 4]},
			"faces": {
				"north": {"uv": [3, 0, 6, 1], "texture": "#0"},
				"east": {"uv": [4, 0, 8, 1], "texture": "#0"},
				"south": {"uv": [3, 0, 6, 1], "texture": "#0"},
				"west": {"uv": [4, 0, 8, 1], "texture": "#0"},
				"up": {"uv": [1, 1, 4, 4.7], "texture": "#0"},
				"down": {"uv": [3, 0, 6, 4], "texture": "#0"}
			}
		},
		{
			"from": [-2, 1, 7.4],
			"to": [18, 7, 9.9],
			"rotation": {"angle": 0, "axis": "y", "origin": [0, 0, 4]},
			"faces": {
				"north": {"uv": [0, 2, 16, 8], "texture": "#0"},
				"east": {"uv": [0, 0, 2.5, 6], "texture": "#0"},
				"south": {"uv": [0, 0, 16, 6], "texture": "#0"},
				"west": {"uv": [0, 0, 2.5, 6], "texture": "#0"},
				"up": {"uv": [0, 0, 16, 2.5], "texture": "#0"},
				"down": {"uv": [0, 0, 16, 2.5], "texture": "#0"}
			}
		},
		{
			"from": [-2, 1, 7.2],
			"to": [18, 7, 7.2],
			"rotation": {"angle": 0, "axis": "y", "origin": [0, 0, 4]},
			"faces": {
				"north": {"uv": [0.2, 4.2, 15.6, 11.6], "texture": "#2"},
				"east": {"uv": [0, 0, 2.5, 6], "texture": "#0"},
				"south": {"uv": [0, 0, 16, 2.6], "texture": "#2"},
				"west": {"uv": [0, 0, 2.5, 6], "texture": "#0"},
				"up": {"uv": [0, 0, 16, 2.5], "texture": "#0"},
				"down": {"uv": [0, 0, 16, 2.5], "texture": "#0"}
			}
		},
		{
			"from": [17.77164, 1.15195, 6],
			"to": [18.77164, 6.85195, 10],
			"rotation": {"angle": 0, "axis": "y", "origin": [2.77164, -0.14805, 4]},
			"faces": {
				"north": {"uv": [0, 0, 1, 5.7], "texture": "#0"},
				"east": {"uv": [5, 3, 9, 8.7], "texture": "#0"},
				"south": {"uv": [0, 0, 1, 5.7], "texture": "#0"},
				"west": {"uv": [0, 0, 4, 5.7], "texture": "#0"},
				"up": {"uv": [0, 0, 1, 4], "texture": "#0"},
				"down": {"uv": [0, 0, 1, 4], "texture": "#0"}
			}
		},
		{
			"from": [-2.77164, 1.15195, 6],
			"to": [-1.77164, 6.85195, 10],
			"rotation": {"angle": 0, "axis": "y", "origin": [3.22836, -0.14805, 4]},
			"faces": {
				"north": {"uv": [0, 0, 1, 5.7], "texture": "#0"},
				"east": {"uv": [0, 0, 4, 5.7], "texture": "#0"},
				"south": {"uv": [0, 0, 1, 5.7], "texture": "#0"},
				"west": {"uv": [2, 2, 6, 7.7], "texture": "#0"},
				"up": {"uv": [0, 0, 1, 4], "texture": "#0"},
				"down": {"uv": [0, 0, 1, 4], "texture": "#0"}
			}
		},
		{
			"from": [0, 7, 6],
			"to": [16, 8, 10],
			"rotation": {"angle": 0, "axis": "y", "origin": [0, 0, 4]},
			"faces": {
				"north": {"uv": [0, 0, 16, 1], "texture": "#0"},
				"east": {"uv": [0, 0, 4, 1], "texture": "#0"},
				"south": {"uv": [0, 0, 16, 1], "texture": "#0"},
				"west": {"uv": [0, 0, 4, 1], "texture": "#0"},
				"up": {"uv": [1, 1, 15, 4.7], "texture": "#0"},
				"down": {"uv": [0, 0, 16, 4], "texture": "#0"}
			}
		},
		{
			"from": [1, 8, 7],
			"to": [3, 11, 9],
			"rotation": {"angle": 0, "axis": "y", "origin": [0, 0, 4]},
			"faces": {
				"north": {"uv": [0, 0, 2, 3], "texture": "#1"},
				"east": {"uv": [0, 0, 2, 3], "texture": "#1"},
				"south": {"uv": [0, 0, 2, 3], "texture": "#1"},
				"west": {"uv": [0, 0, 2, 3], "texture": "#1"},
				"up": {"uv": [0, 0, 2, 2], "texture": "#1"},
				"down": {"uv": [0, 0, 2, 2], "texture": "#1"}
			}
		},
		{
			"from": [13, 8, 7],
			"to": [15, 11, 9],
			"rotation": {"angle": 0, "axis": "y", "origin": [0, 0, 4]},
			"faces": {
				"north": {"uv": [0, 0, 2, 3], "texture": "#1"},
				"east": {"uv": [0, 0, 2, 3], "texture": "#1"},
				"south": {"uv": [0, 0, 2, 3], "texture": "#1"},
				"west": {"uv": [0, 0, 2, 3], "texture": "#1"},
				"up": {"uv": [0, 0, 2, 2], "texture": "#1"},
				"down": {"uv": [0, 0, 2, 2], "texture": "#1"}
			}
		}
	],
	"display": {
		"thirdperson_righthand": {
			"rotation": [75, 45, 0],
			"translation": [0, 2.5, 0],
			"scale": [0.375, 0.375, 0.375]
		},
		"thirdperson_lefthand": {
			"rotation": [75, 45, 0],
			"translation": [0, 2.5, 0],
			"scale": [0.375, 0.375, 0.375]
		},
		"head": {
			"translation": [0, 9.25, 0],
			"scale": [3, 1.75, 1.25]
		}
	},
	"groups": [
		{
			"name": "group",
			"origin": [0, 0, 0],
			"color": 0,
			"children": [0, 1, 2, 3, 4, 5, 6, 7, 8, 9, 10, 11]
		}
	]
}