{
	"credit": "Made by Ultr4Anubis",
	"textures": {
		"1": "block/barrel_top_open",
		"2": "block/chest_top"
	},
	"elements": [
		{
			"from": [6.7, 0, 7],
			"to": [9, 1, 9],
			"faces": {
				"north": {"uv": [5, 3, 7, 4], "texture": "#1"},
				"east": {"uv": [5, 3, 7, 4], "texture": "#1"},
				"south": {"uv": [5, 3, 7, 4], "texture": "#1"},
				"west": {"uv": [5, 3, 7, 4], "texture": "#1"},
				"up": {"uv": [5, 3, 7, 5], "texture": "#1"},
				"down": {"uv": [5, 3, 7, 5], "texture": "#1"}
			}
		},
		{
			"from": [7, 6, 7],
			"to": [10, 7, 9],
			"faces": {
				"north": {"uv": [5, 3, 8, 4], "texture": "#1"},
				"east": {"uv": [5, 3, 7, 4], "texture": "#1"},
				"south": {"uv": [5, 3, 8, 4], "texture": "#1"},
				"west": {"uv": [5, 3, 7, 4], "texture": "#1"},
				"up": {"uv": [5, 2, 8, 4], "texture": "#1"},
				"down": {"uv": [5, 2, 8, 4], "texture": "#1"}
			}
		},
		{
			"from": [7.3, 1, 7.2],
			"to": [8.6, 6, 8.7],
			"faces": {
				"north": {"uv": [3, 6, 4, 11], "texture": "#1"},
				"east": {"uv": [3, 6, 4, 11], "texture": "#1"},
				"south": {"uv": [3, 6, 4, 11], "texture": "#1"},
				"west": {"uv": [3, 6, 4, 11], "texture": "#1"},
				"up": {"uv": [0, 0, 1.3, 1.5], "texture": "#1"},
				"down": {"uv": [0, 0, 1.3, 1.5], "texture": "#1"}
			}
		},
		{
			"from": [7.3, 7, 7.2],
			"to": [8.6, 12, 8.7],
			"faces": {
				"north": {"uv": [2, 2, 3, 7], "texture": "#2"},
				"east": {"uv": [2, 2, 3, 7], "texture": "#2"},
				"south": {"uv": [2, 2, 3, 7], "texture": "#2"},
				"west": {"uv": [2, 2, 3, 7], "texture": "#2"},
				"up": {"uv": [2, 2, 3, 7], "texture": "#2"},
				"down": {"uv": [2, 2, 3, 7], "texture": "#2"}
			}
		},
		{
			"from": [3.27816, 6.68631, 7.2],
			"to": [4.77816, 7.98631, 8.7],
			"rotation": {"angle": -22.5, "axis": "z", "origin": [16.77816, 0.38631, 0]},
			"faces": {
				"north": {"uv": [2, 2, 4.1, 3.1], "texture": "#2"},
				"east": {"uv": [2, 2, 4.1, 3.1], "texture": "#2"},
				"south": {"uv": [2, 2, 4.1, 3.1], "texture": "#2"},
				"west": {"uv": [2, 2, 4.1, 3.1], "texture": "#2"},
				"up": {"uv": [2, 2, 4.1, 3.1], "texture": "#2"},
				"down": {"uv": [2, 2, 4.1, 3.1], "texture": "#2"}
			}
		},
		{
			"from": [11.78845, 9.87552, 7.2],
			"to": [13.08845, 13.87552, 8.7],
			"rotation": {"angle": 22.5, "axis": "z", "origin": [5.48845, -2.12448, 0]},
			"faces": {
				"north": {"uv": [2, 2, 3, 6], "texture": "#2"},
				"east": {"uv": [2, 2, 3, 6], "texture": "#2"},
				"south": {"uv": [2, 2, 3, 6], "texture": "#2"},
				"west": {"uv": [2, 2, 3, 6], "texture": "#2"},
				"up": {"uv": [2, 2, 3, 6], "texture": "#2"},
				"down": {"uv": [2, 2, 3, 6], "texture": "#2"}
			}
		},
		{
			"from": [5.18596, 15.0685, 7.2],
			"to": [6.48596, 20.0685, 8.7],
			"rotation": {"angle": 0, "axis": "z", "origin": [-1.11404, 3.0685, 0]},
			"faces": {
				"north": {"uv": [2, 2, 3, 6], "texture": "#2"},
				"east": {"uv": [2, 2, 3, 6], "texture": "#2"},
				"south": {"uv": [2, 2, 3, 6], "texture": "#2"},
				"west": {"uv": [2, 2, 3, 6], "texture": "#2"},
				"up": {"uv": [2, 2, 3, 6], "texture": "#2"},
				"down": {"uv": [2, 2, 3, 6], "texture": "#2"}
			}
		},
		{
			"from": [1.07332, 23.39285, 7.2],
			"to": [2.37332, 25.39285, 8.7],
			"rotation": {"angle": -22.5, "axis": "z", "origin": [-5.22668, 11.39285, 0]},
			"faces": {
				"north": {"uv": [2, 2, 3, 4], "texture": "#2"},
				"east": {"uv": [2, 2, 3, 4], "texture": "#2"},
				"south": {"uv": [2, 2, 3, 4], "texture": "#2"},
				"west": {"uv": [2, 2, 3, 4], "texture": "#2"},
				"up": {"uv": [2, 2, 3, 4], "texture": "#2"},
				"down": {"uv": [2, 2, 3, 4], "texture": "#2"}
			}
		},
		{
			"from": [1.07332, 25.39285, 7.6],
			"to": [2.37332, 26.49285, 8.3],
			"rotation": {"angle": -22.5, "axis": "z", "origin": [-5.22668, 11.39285, 0]},
			"faces": {
				"north": {"uv": [2, 2, 3, 4], "texture": "#2"},
				"east": {"uv": [2, 2, 3, 4], "texture": "#2"},
				"south": {"uv": [2, 2, 3, 4], "texture": "#2"},
				"west": {"uv": [2, 2, 3, 4], "texture": "#2"},
				"up": {"uv": [2, 2, 3, 4], "texture": "#2"},
				"down": {"uv": [2, 2, 3, 4], "texture": "#2"}
			}
		}
	],
	"display": {
		"thirdperson_righthand": {
			"rotation": [0, -90, 0],
			"translation": [0, 2.75, 1.5]
		},
		"thirdperson_lefthand": {
			"rotation": [0, 90, 0],
			"translation": [0, 2.5, 1.5]
		},
		"firstperson_righthand": {
			"rotation": [-38, -90, 0],
			"translation": [0, 2.5, 1.5]
		},
		"firstperson_lefthand": {
			"rotation": [-38, 90, 0],
			"translation": [0, 2.5, 1.5]
		},
		"ground": {
			"rotation": [90, 0, 0],
			"translation": [0, -2.5, -2.5]
		},
		"gui": {
			"rotation": [33, -154, 31],
			"scale": [0.625, 0.625, 0.625]
		},
		"fixed": {
			"rotation": [0, 0, 45],
			"translation": [3, -1.5, 0],
			"scale": [1.25, 1.25, 1.25]
		}
	},
	"groups": [
		{
			"name": "group",
			"origin": [-5.22668, 11.39285, 0],
			"color": 0,
			"children": [0, 1, 2, 3, 4, 5, 6, 7, 8]
		}
	]
}