{
	"credit": "Made with Blockbench",
	"textures": {
		"0": "block/goldtot",
		"1": "block/silver",
		"2": "block/velvet",
		"particle": "block/goldtot"
	},
	"elements": [
		{
			"from": [6.5, 0, 6.5],
			"to": [9, 0.25, 9],
			"faces": {
				"north": {"uv": [3.5, 8, 4.75, 8.125], "texture": "#1"},
				"east": {"uv": [7.5, 8, 8.75, 8.125], "texture": "#1"},
				"south": {"uv": [8.5, 0, 9.75, 0.125], "texture": "#1"},
				"west": {"uv": [8.5, 0.5, 9.75, 0.625], "texture": "#1"},
				"up": {"uv": [7.25, 1.25, 6, 0], "texture": "#1"},
				"down": {"uv": [7.25, 1.5, 6, 2.75], "texture": "#1"}
			}
		},
		{
			"from": [7.25, 0, 6],
			"to": [8.25, 0.25, 6.5],
			"faces": {
				"north": {"uv": [8.5, 3.5, 9, 3.625], "texture": "#1"},
				"east": {"uv": [8.5, 5.5, 8.75, 5.625], "texture": "#1"},
				"south": {"uv": [4, 8.5, 4.5, 8.625], "texture": "#1"},
				"west": {"uv": [8.5, 6, 8.75, 6.125], "texture": "#1"},
				"up": {"uv": [5.5, 8.25, 5, 8], "texture": "#1"},
				"down": {"uv": [6, 8, 5.5, 8.25], "texture": "#1"}
			}
		},
		{
			"from": [8.25, 0, 6.25],
			"to": [8.75, 0.25, 6.5],
			"faces": {
				"north": {"uv": [9, 5, 9.25, 5.125], "texture": "#1"},
				"east": {"uv": [9.5, 7.5, 9.625, 7.625], "texture": "#1"},
				"south": {"uv": [5.5, 9, 5.75, 9.125], "texture": "#1"},
				"west": {"uv": [8, 9.5, 8.125, 9.625], "texture": "#1"},
				"up": {"uv": [9.25, 5.625, 9, 5.5], "texture": "#1"},
				"down": {"uv": [9.25, 6, 9, 6.125], "texture": "#1"}
			}
		},
		{
			"from": [7.5, 0.25, 7],
			"to": [8, 15.5, 7.25],
			"faces": {
				"north": {"uv": [3, 0, 3.25, 7.625], "texture": "#1"},
				"east": {"uv": [7, 3, 7.125, 10.625], "texture": "#1"},
				"south": {"uv": [3.5, 0, 3.75, 7.625], "texture": "#1"},
				"west": {"uv": [7.5, 0, 7.625, 7.625], "texture": "#1"},
				"up": {"uv": [2.75, 9.625, 2.5, 9.5], "texture": "#1"},
				"down": {"uv": [9.75, 2.5, 9.5, 2.625], "texture": "#1"}
			}
		},
		{
			"from": [7.5, 0.25, 8.25],
			"to": [8, 15.5, 8.5],
			"faces": {
				"north": {"uv": [5, 0, 5.25, 7.625], "texture": "#1"},
				"east": {"uv": [0.5, 8, 0.625, 15.625], "texture": "#1"},
				"south": {"uv": [5.5, 0, 5.75, 7.625], "texture": "#1"},
				"west": {"uv": [1, 8, 1.125, 15.625], "texture": "#1"},
				"up": {"uv": [4.75, 9.625, 4.5, 9.5], "texture": "#1"},
				"down": {"uv": [9.75, 4.5, 9.5, 4.625], "texture": "#1"}
			}
		},
		{
			"from": [7.5, 0.25, 8.25],
			"to": [8, 0.5, 8.5],
			"faces": {
				"north": {"uv": [3, 9.5, 3.25, 9.625], "texture": "#1"},
				"east": {"uv": [10, 0, 10.125, 0.125], "texture": "#1"},
				"south": {"uv": [9.5, 3, 9.75, 3.125], "texture": "#1"},
				"west": {"uv": [10, 0.5, 10.125, 0.625], "texture": "#1"},
				"up": {"uv": [3.75, 9.625, 3.5, 9.5], "texture": "#1"},
				"down": {"uv": [9.75, 3.5, 9.5, 3.625], "texture": "#1"}
			}
		},
		{
			"from": [6.75, 0, 6.25],
			"to": [7.25, 0.25, 6.5],
			"faces": {
				"north": {"uv": [9, 6.5, 9.25, 6.625], "texture": "#1"},
				"east": {"uv": [9.5, 8, 9.625, 8.125], "texture": "#1"},
				"south": {"uv": [9, 7, 9.25, 7.125], "texture": "#1"},
				"west": {"uv": [8.5, 9.5, 8.625, 9.625], "texture": "#1"},
				"up": {"uv": [7.75, 9.125, 7.5, 9], "texture": "#1"},
				"down": {"uv": [9.25, 7.5, 9, 7.625], "texture": "#1"}
			}
		},
		{
			"from": [8.25, 0, 9],
			"to": [8.75, 0.25, 9.25],
			"faces": {
				"north": {"uv": [9, 9, 9.25, 9.125], "texture": "#1"},
				"east": {"uv": [9.5, 9, 9.625, 9.125], "texture": "#1"},
				"south": {"uv": [9.5, 1, 9.75, 1.125], "texture": "#1"},
				"west": {"uv": [9.5, 9.5, 9.625, 9.625], "texture": "#1"},
				"up": {"uv": [1.75, 9.625, 1.5, 9.5], "texture": "#1"},
				"down": {"uv": [9.75, 1.5, 9.5, 1.625], "texture": "#1"}
			}
		},
		{
			"from": [6.75, 0, 9],
			"to": [7.25, 0.25, 9.25],
			"faces": {
				"north": {"uv": [8, 9, 8.25, 9.125], "texture": "#1"},
				"east": {"uv": [9.5, 8.5, 9.625, 8.625], "texture": "#1"},
				"south": {"uv": [9, 8, 9.25, 8.125], "texture": "#1"},
				"west": {"uv": [9, 9.5, 9.125, 9.625], "texture": "#1"},
				"up": {"uv": [8.75, 9.125, 8.5, 9], "texture": "#1"},
				"down": {"uv": [9.25, 8.5, 9, 8.625], "texture": "#1"}
			}
		},
		{
			"from": [7.25, 0, 9],
			"to": [8.25, 0.25, 9.5],
			"faces": {
				"north": {"uv": [8.5, 4, 9, 4.125], "texture": "#1"},
				"east": {"uv": [8.5, 6.5, 8.75, 6.625], "texture": "#1"},
				"south": {"uv": [4.5, 8.5, 5, 8.625], "texture": "#1"},
				"west": {"uv": [8.5, 7, 8.75, 7.125], "texture": "#1"},
				"up": {"uv": [9, 1.25, 8.5, 1], "texture": "#1"},
				"down": {"uv": [2, 8.5, 1.5, 8.75], "texture": "#1"}
			}
		},
		{
			"from": [6, 0, 7.25],
			"to": [6.5, 0.25, 8.25],
			"faces": {
				"north": {"uv": [7.5, 8.5, 7.75, 8.625], "texture": "#1"},
				"east": {"uv": [8.5, 4.5, 9, 4.625], "texture": "#1"},
				"south": {"uv": [8.5, 7.5, 8.75, 7.625], "texture": "#1"},
				"west": {"uv": [5, 8.5, 5.5, 8.625], "texture": "#1"},
				"up": {"uv": [8.75, 2, 8.5, 1.5], "texture": "#1"},
				"down": {"uv": [2.25, 8.5, 2, 9], "texture": "#1"}
			}
		},
		{
			"from": [9, 0, 7.25],
			"to": [9.5, 0.25, 8.25],
			"faces": {
				"north": {"uv": [8, 8.5, 8.25, 8.625], "texture": "#1"},
				"east": {"uv": [8.5, 5, 9, 5.125], "texture": "#1"},
				"south": {"uv": [8.5, 8.5, 8.75, 8.625], "texture": "#1"},
				"west": {"uv": [5.5, 8.5, 6, 8.625], "texture": "#1"},
				"up": {"uv": [8.75, 2.5, 8.5, 2], "texture": "#1"},
				"down": {"uv": [2.75, 8.5, 2.5, 9], "texture": "#1"}
			}
		},
		{
			"from": [9, 0, 8.25],
			"to": [9.25, 0.25, 8.75],
			"faces": {
				"north": {"uv": [5, 9.5, 5.125, 9.625], "texture": "#1"},
				"east": {"uv": [9, 1, 9.25, 1.125], "texture": "#1"},
				"south": {"uv": [9.5, 5, 9.625, 5.125], "texture": "#1"},
				"west": {"uv": [1.5, 9, 1.75, 9.125], "texture": "#1"},
				"up": {"uv": [9.125, 1.75, 9, 1.5], "texture": "#1"},
				"down": {"uv": [2.125, 9, 2, 9.25], "texture": "#1"}
			}
		},
		{
			"from": [8.25, 0.25, 7.5],
			"to": [8.5, 15.5, 8],
			"faces": {
				"north": {"uv": [6, 3, 6.125, 10.625], "texture": "#1"},
				"east": {"uv": [2, 0, 2.25, 7.625], "texture": "#1"},
				"south": {"uv": [6.5, 3, 6.625, 10.625], "texture": "#1"},
				"west": {"uv": [2.5, 0, 2.75, 7.625], "texture": "#1"},
				"up": {"uv": [2.125, 9.75, 2, 9.5], "texture": "#1"},
				"down": {"uv": [9.625, 2, 9.5, 2.25], "texture": "#1"}
			}
		},
		{
			"from": [7, 0.25, 7.5],
			"to": [7.25, 15.5, 8],
			"faces": {
				"north": {"uv": [0, 8, 0.125, 15.625], "texture": "#1"},
				"east": {"uv": [4, 0, 4.25, 7.625], "texture": "#1"},
				"south": {"uv": [8, 0, 8.125, 7.625], "texture": "#1"},
				"west": {"uv": [4.5, 0, 4.75, 7.625], "texture": "#1"},
				"up": {"uv": [4.125, 9.75, 4, 9.5], "texture": "#1"},
				"down": {"uv": [9.625, 4, 9.5, 4.25], "texture": "#1"}
			}
		},
		{
			"from": [9, 0, 6.75],
			"to": [9.25, 0.25, 7.25],
			"faces": {
				"north": {"uv": [5.5, 9.5, 5.625, 9.625], "texture": "#1"},
				"east": {"uv": [9, 2, 9.25, 2.125], "texture": "#1"},
				"south": {"uv": [9.5, 5.5, 9.625, 5.625], "texture": "#1"},
				"west": {"uv": [2.5, 9, 2.75, 9.125], "texture": "#1"},
				"up": {"uv": [9.125, 2.75, 9, 2.5], "texture": "#1"},
				"down": {"uv": [3.125, 9, 3, 9.25], "texture": "#1"}
			}
		},
		{
			"from": [6.25, 0, 8.25],
			"to": [6.5, 0.25, 8.75],
			"faces": {
				"north": {"uv": [9.5, 7, 9.625, 7.125], "texture": "#1"},
				"east": {"uv": [9, 4, 9.25, 4.125], "texture": "#1"},
				"south": {"uv": [7.5, 9.5, 7.625, 9.625], "texture": "#1"},
				"west": {"uv": [4.5, 9, 4.75, 9.125], "texture": "#1"},
				"up": {"uv": [9.125, 4.75, 9, 4.5], "texture": "#1"},
				"down": {"uv": [5.125, 9, 5, 9.25], "texture": "#1"}
			}
		},
		{
			"from": [6.25, 0, 6.75],
			"to": [6.5, 0.25, 7.25],
			"faces": {
				"north": {"uv": [9.5, 6, 9.625, 6.125], "texture": "#1"},
				"east": {"uv": [9, 3, 9.25, 3.125], "texture": "#1"},
				"south": {"uv": [9.5, 6.5, 9.625, 6.625], "texture": "#1"},
				"west": {"uv": [3.5, 9, 3.75, 9.125], "texture": "#1"},
				"up": {"uv": [9.125, 3.75, 9, 3.5], "texture": "#1"},
				"down": {"uv": [4.125, 9, 4, 9.25], "texture": "#1"}
			}
		},
		{
			"from": [7.25, 0, 7.25],
			"to": [8.25, 15.5, 8.25],
			"faces": {
				"north": {"uv": [0, 0, 0.5, 7.75], "texture": "#1"},
				"east": {"uv": [0.5, 0, 1, 7.75], "texture": "#1"},
				"south": {"uv": [1, 0, 1.5, 7.75], "texture": "#1"},
				"west": {"uv": [1.5, 0, 2, 7.75], "texture": "#1"},
				"up": {"uv": [2, 8.5, 1.5, 8], "texture": "#1"},
				"down": {"uv": [2.5, 8, 2, 8.5], "texture": "#1"}
			}
		},
		{
			"from": [7.2, 18, 7.225],
			"to": [8.25, 18.35, 8.275],
			"rotation": {"angle": 0, "axis": "y", "origin": [-3.2, 0, -3.2]},
			"faces": {
				"north": {"uv": [0, 10, 1, 10.375], "texture": "#0"},
				"east": {"uv": [1, 10, 2, 10.375], "texture": "#0"},
				"south": {"uv": [10, 1, 11, 1.375], "texture": "#0"},
				"west": {"uv": [2, 10, 3, 10.375], "texture": "#0"},
				"up": {"uv": [7, 3, 6, 2], "texture": "#0"},
				"down": {"uv": [7, 3, 6, 4], "texture": "#0"}
			}
		},
		{
			"from": [6.15, 16.25, 7.225],
			"to": [6.5, 17.3, 8.275],
			"rotation": {"angle": 0, "axis": "z", "origin": [-3.2, 0, -3.2]},
			"faces": {
				"north": {"uv": [10, 2, 10.375, 3], "texture": "#0"},
				"east": {"uv": [4, 6, 5, 7], "texture": "#0"},
				"south": {"uv": [3, 10, 3.375, 11], "texture": "#0"},
				"west": {"uv": [6, 4, 7, 5], "texture": "#0"},
				"up": {"uv": [10.375, 4, 10, 3], "texture": "#0"},
				"down": {"uv": [4.375, 10, 4, 11], "texture": "#0"}
			}
		},
		{
			"from": [6.5, 15.9, 6.875],
			"to": [6.85, 17.65, 8.625],
			"rotation": {"angle": 0, "axis": "z", "origin": [-3.2, 0, -3.2]},
			"faces": {
				"north": {"uv": [7, 7, 7.375, 8.75], "texture": "#0"},
				"east": {"uv": [2, 0, 3.75, 1.75], "texture": "#0"},
				"south": {"uv": [0, 8, 0.375, 9.75], "texture": "#0"},
				"west": {"uv": [2, 2, 3.75, 3.75], "texture": "#0"},
				"up": {"uv": [8.375, 1.75, 8, 0], "texture": "#0"},
				"down": {"uv": [1.375, 8, 1, 9.75], "texture": "#0"}
			}
		},
		{
			"from": [8.95, 16.25, 7.225],
			"to": [9.3, 17.3, 8.275],
			"rotation": {"angle": 0, "axis": "z", "origin": [19.2, 0, -3.2]},
			"faces": {
				"north": {"uv": [10, 4, 10.375, 5], "texture": "#0"},
				"east": {"uv": [5, 6, 6, 7], "texture": "#0"},
				"south": {"uv": [5, 10, 5.375, 11], "texture": "#0"},
				"west": {"uv": [6, 5, 7, 6], "texture": "#0"},
				"up": {"uv": [6.375, 11, 6, 10], "texture": "#0"},
				"down": {"uv": [10.375, 7, 10, 8], "texture": "#0"}
			}
		},
		{
			"from": [8.6, 15.9, 6.875],
			"to": [8.95, 17.65, 8.625],
			"rotation": {"angle": 0, "axis": "z", "origin": [19.2, 0, -3.2]},
			"faces": {
				"north": {"uv": [2, 8, 2.375, 9.75], "texture": "#0"},
				"east": {"uv": [0, 4, 1.75, 5.75], "texture": "#0"},
				"south": {"uv": [8, 2, 8.375, 3.75], "texture": "#0"},
				"west": {"uv": [4, 0, 5.75, 1.75], "texture": "#0"},
				"up": {"uv": [3.375, 9.75, 3, 8], "texture": "#0"},
				"down": {"uv": [4.375, 8, 4, 9.75], "texture": "#0"}
			}
		},
		{
			"from": [6.85, 15.9, 8.625],
			"to": [8.6, 17.65, 8.975],
			"rotation": {"angle": 0, "axis": "z", "origin": [19.2, 0, -3.2]},
			"faces": {
				"north": {"uv": [4, 4, 5.75, 5.75], "texture": "#0"},
				"east": {"uv": [9, 1, 9.375, 2.75], "texture": "#0"},
				"south": {"uv": [0, 6, 1.75, 7.75], "texture": "#0"},
				"west": {"uv": [9, 3, 9.375, 4.75], "texture": "#0"},
				"up": {"uv": [6.75, 9.375, 5, 9], "texture": "#0"},
				"down": {"uv": [10.75, 5, 9, 5.375], "texture": "#0"}
			}
		},
		{
			"from": [7.2, 16.25, 8.975],
			"to": [8.25, 17.3, 9.325],
			"rotation": {"angle": 0, "axis": "z", "origin": [19.2, 0, -3.2]},
			"faces": {
				"north": {"uv": [6, 6, 7, 7], "texture": "#0"},
				"east": {"uv": [10, 8, 10.375, 9], "texture": "#0"},
				"south": {"uv": [7, 2, 8, 3], "texture": "#0"},
				"west": {"uv": [9, 10, 9.375, 11], "texture": "#0"},
				"up": {"uv": [11, 10.375, 10, 10], "texture": "#0"},
				"down": {"uv": [1, 11, 0, 11.375], "texture": "#0"}
			}
		},
		{
			"from": [6.85, 15.9, 6.525],
			"to": [8.6, 17.65, 6.875],
			"rotation": {"angle": 0, "axis": "z", "origin": [19.2, 0, 19.2]},
			"faces": {
				"north": {"uv": [6, 0, 7.75, 1.75], "texture": "#0"},
				"east": {"uv": [7, 9, 7.375, 10.75], "texture": "#0"},
				"south": {"uv": [2, 6, 3.75, 7.75], "texture": "#0"},
				"west": {"uv": [8, 9, 8.375, 10.75], "texture": "#0"},
				"up": {"uv": [10.75, 6.375, 9, 6], "texture": "#0"},
				"down": {"uv": [10.75, 9, 9, 9.375], "texture": "#0"}
			}
		},
		{
			"from": [7.2, 16.25, 6.175],
			"to": [8.25, 17.3, 6.525],
			"rotation": {"angle": 0, "axis": "z", "origin": [19.2, 0, 19.2]},
			"faces": {
				"north": {"uv": [7, 3, 8, 4], "texture": "#0"},
				"east": {"uv": [11, 0, 11.375, 1], "texture": "#0"},
				"south": {"uv": [4, 7, 5, 8], "texture": "#0"},
				"west": {"uv": [1, 11, 1.375, 12], "texture": "#0"},
				"up": {"uv": [12, 1.375, 11, 1], "texture": "#0"},
				"down": {"uv": [3, 11, 2, 11.375], "texture": "#0"}
			}
		},
		{
			"from": [6.85, 17.65, 6.875],
			"to": [8.6, 18, 8.625],
			"rotation": {"angle": 0, "axis": "y", "origin": [-3.2, 0, -3.2]},
			"faces": {
				"north": {"uv": [7, 4, 8.75, 4.375], "texture": "#0"},
				"east": {"uv": [5, 7, 6.75, 7.375], "texture": "#0"},
				"south": {"uv": [7, 5, 8.75, 5.375], "texture": "#0"},
				"west": {"uv": [7, 6, 8.75, 6.375], "texture": "#0"},
				"up": {"uv": [1.75, 1.75, 0, 0], "texture": "#0"},
				"down": {"uv": [1.75, 2, 0, 3.75], "texture": "#0"}
			}
		},
		{
			"from": [6.85, 15.55, 6.875],
			"to": [8.6, 15.9, 8.625],
			"rotation": {"angle": 0, "axis": "y", "origin": [-3.2, 22.4, -3.2]},
			"faces": {
				"north": {"uv": [5, 8, 6.75, 8.375], "texture": "#0"},
				"east": {"uv": [8, 7, 9.75, 7.375], "texture": "#0"},
				"south": {"uv": [8, 8, 9.75, 8.375], "texture": "#0"},
				"west": {"uv": [9, 0, 10.75, 0.375], "texture": "#0"},
				"up": {"uv": [3.75, 5.75, 2, 4], "texture": "#0"},
				"down": {"uv": [5.75, 2, 4, 3.75], "texture": "#0"}
			}
		},
		{
			"from": [7.2, 15.2, 7.225],
			"to": [8.25, 15.55, 8.275],
			"rotation": {"angle": 0, "axis": "y", "origin": [-3.2, 22.4, -3.2]},
			"faces": {
				"north": {"uv": [8.5, 2.5, 9, 2.6875], "texture": "#1"},
				"east": {"uv": [3, 8.5, 3.5, 8.6875], "texture": "#1"},
				"south": {"uv": [8.5, 3, 9, 3.1875], "texture": "#1"},
				"west": {"uv": [3.5, 8.5, 4, 8.6875], "texture": "#1"},
				"up": {"uv": [3, 8.5, 2.5, 8], "texture": "#1"},
				"down": {"uv": [3.5, 8, 3, 8.5], "texture": "#1"}
			}
		},
		{
			"from": [23.55, 0, 6.5],
			"to": [26.05, 0.25, 9],
			"faces": {
				"north": {"uv": [3.5, 8, 4.75, 8.125], "texture": "#1"},
				"east": {"uv": [7.5, 8, 8.75, 8.125], "texture": "#1"},
				"south": {"uv": [8.5, 0, 9.75, 0.125], "texture": "#1"},
				"west": {"uv": [8.5, 0.5, 9.75, 0.625], "texture": "#1"},
				"up": {"uv": [7.25, 1.25, 6, 0], "texture": "#1"},
				"down": {"uv": [7.25, 1.5, 6, 2.75], "texture": "#1"}
			}
		},
		{
			"from": [24.3, 0, 6],
			"to": [25.3, 0.25, 6.5],
			"faces": {
				"north": {"uv": [8.5, 3.5, 9, 3.625], "texture": "#1"},
				"east": {"uv": [8.5, 5.5, 8.75, 5.625], "texture": "#1"},
				"south": {"uv": [4, 8.5, 4.5, 8.625], "texture": "#1"},
				"west": {"uv": [8.5, 6, 8.75, 6.125], "texture": "#1"},
				"up": {"uv": [5.5, 8.25, 5, 8], "texture": "#1"},
				"down": {"uv": [6, 8, 5.5, 8.25], "texture": "#1"}
			}
		},
		{
			"from": [24.3, 0, 9],
			"to": [25.3, 0.25, 9.5],
			"faces": {
				"north": {"uv": [8.5, 4, 9, 4.125], "texture": "#1"},
				"east": {"uv": [8.5, 6.5, 8.75, 6.625], "texture": "#1"},
				"south": {"uv": [4.5, 8.5, 5, 8.625], "texture": "#1"},
				"west": {"uv": [8.5, 7, 8.75, 7.125], "texture": "#1"},
				"up": {"uv": [9, 1.25, 8.5, 1], "texture": "#1"},
				"down": {"uv": [2, 8.5, 1.5, 8.75], "texture": "#1"}
			}
		},
		{
			"from": [23.05, 0, 7.25],
			"to": [23.55, 0.25, 8.25],
			"faces": {
				"north": {"uv": [7.5, 8.5, 7.75, 8.625], "texture": "#1"},
				"east": {"uv": [8.5, 4.5, 9, 4.625], "texture": "#1"},
				"south": {"uv": [8.5, 7.5, 8.75, 7.625], "texture": "#1"},
				"west": {"uv": [5, 8.5, 5.5, 8.625], "texture": "#1"},
				"up": {"uv": [8.75, 2, 8.5, 1.5], "texture": "#1"},
				"down": {"uv": [2.25, 8.5, 2, 9], "texture": "#1"}
			}
		},
		{
			"from": [26.05, 0, 7.25],
			"to": [26.55, 0.25, 8.25],
			"faces": {
				"north": {"uv": [8, 8.5, 8.25, 8.625], "texture": "#1"},
				"east": {"uv": [8.5, 5, 9, 5.125], "texture": "#1"},
				"south": {"uv": [8.5, 8.5, 8.75, 8.625], "texture": "#1"},
				"west": {"uv": [5.5, 8.5, 6, 8.625], "texture": "#1"},
				"up": {"uv": [8.75, 2.5, 8.5, 2], "texture": "#1"},
				"down": {"uv": [2.75, 8.5, 2.5, 9], "texture": "#1"}
			}
		},
		{
			"from": [26.05, 0, 8.25],
			"to": [26.3, 0.25, 8.75],
			"faces": {
				"north": {"uv": [5, 9.5, 5.125, 9.625], "texture": "#1"},
				"east": {"uv": [9, 1, 9.25, 1.125], "texture": "#1"},
				"south": {"uv": [9.5, 5, 9.625, 5.125], "texture": "#1"},
				"west": {"uv": [1.5, 9, 1.75, 9.125], "texture": "#1"},
				"up": {"uv": [9.125, 1.75, 9, 1.5], "texture": "#1"},
				"down": {"uv": [2.125, 9, 2, 9.25], "texture": "#1"}
			}
		},
		{
			"from": [26.05, 0, 6.75],
			"to": [26.3, 0.25, 7.25],
			"faces": {
				"north": {"uv": [5.5, 9.5, 5.625, 9.625], "texture": "#1"},
				"east": {"uv": [9, 2, 9.25, 2.125], "texture": "#1"},
				"south": {"uv": [9.5, 5.5, 9.625, 5.625], "texture": "#1"},
				"west": {"uv": [2.5, 9, 2.75, 9.125], "texture": "#1"},
				"up": {"uv": [9.125, 2.75, 9, 2.5], "texture": "#1"},
				"down": {"uv": [3.125, 9, 3, 9.25], "texture": "#1"}
			}
		},
		{
			"from": [23.3, 0, 6.75],
			"to": [23.55, 0.25, 7.25],
			"faces": {
				"north": {"uv": [9.5, 6, 9.625, 6.125], "texture": "#1"},
				"east": {"uv": [9, 3, 9.25, 3.125], "texture": "#1"},
				"south": {"uv": [9.5, 6.5, 9.625, 6.625], "texture": "#1"},
				"west": {"uv": [3.5, 9, 3.75, 9.125], "texture": "#1"},
				"up": {"uv": [9.125, 3.75, 9, 3.5], "texture": "#1"},
				"down": {"uv": [4.125, 9, 4, 9.25], "texture": "#1"}
			}
		},
		{
			"from": [23.3, 0, 8.25],
			"to": [23.55, 0.25, 8.75],
			"faces": {
				"north": {"uv": [9.5, 7, 9.625, 7.125], "texture": "#1"},
				"east": {"uv": [9, 4, 9.25, 4.125], "texture": "#1"},
				"south": {"uv": [7.5, 9.5, 7.625, 9.625], "texture": "#1"},
				"west": {"uv": [4.5, 9, 4.75, 9.125], "texture": "#1"},
				"up": {"uv": [9.125, 4.75, 9, 4.5], "texture": "#1"},
				"down": {"uv": [5.125, 9, 5, 9.25], "texture": "#1"}
			}
		},
		{
			"from": [25.3, 0, 6.25],
			"to": [25.8, 0.25, 6.5],
			"faces": {
				"north": {"uv": [9, 5, 9.25, 5.125], "texture": "#1"},
				"east": {"uv": [9.5, 7.5, 9.625, 7.625], "texture": "#1"},
				"south": {"uv": [5.5, 9, 5.75, 9.125], "texture": "#1"},
				"west": {"uv": [8, 9.5, 8.125, 9.625], "texture": "#1"},
				"up": {"uv": [9.25, 5.625, 9, 5.5], "texture": "#1"},
				"down": {"uv": [9.25, 6, 9, 6.125], "texture": "#1"}
			}
		},
		{
			"from": [23.8, 0, 6.25],
			"to": [24.3, 0.25, 6.5],
			"faces": {
				"north": {"uv": [9, 6.5, 9.25, 6.625], "texture": "#1"},
				"east": {"uv": [9.5, 8, 9.625, 8.125], "texture": "#1"},
				"south": {"uv": [9, 7, 9.25, 7.125], "texture": "#1"},
				"west": {"uv": [8.5, 9.5, 8.625, 9.625], "texture": "#1"},
				"up": {"uv": [7.75, 9.125, 7.5, 9], "texture": "#1"},
				"down": {"uv": [9.25, 7.5, 9, 7.625], "texture": "#1"}
			}
		},
		{
			"from": [23.8, 0, 9],
			"to": [24.3, 0.25, 9.25],
			"faces": {
				"north": {"uv": [8, 9, 8.25, 9.125], "texture": "#1"},
				"east": {"uv": [9.5, 8.5, 9.625, 8.625], "texture": "#1"},
				"south": {"uv": [9, 8, 9.25, 8.125], "texture": "#1"},
				"west": {"uv": [9, 9.5, 9.125, 9.625], "texture": "#1"},
				"up": {"uv": [8.75, 9.125, 8.5, 9], "texture": "#1"},
				"down": {"uv": [9.25, 8.5, 9, 8.625], "texture": "#1"}
			}
		},
		{
			"from": [25.3, 0, 9],
			"to": [25.8, 0.25, 9.25],
			"faces": {
				"north": {"uv": [9, 9, 9.25, 9.125], "texture": "#1"},
				"east": {"uv": [9.5, 9, 9.625, 9.125], "texture": "#1"},
				"south": {"uv": [9.5, 1, 9.75, 1.125], "texture": "#1"},
				"west": {"uv": [9.5, 9.5, 9.625, 9.625], "texture": "#1"},
				"up": {"uv": [1.75, 9.625, 1.5, 9.5], "texture": "#1"},
				"down": {"uv": [9.75, 1.5, 9.5, 1.625], "texture": "#1"}
			}
		},
		{
			"from": [25.3, 0.25, 7.5],
			"to": [25.55, 15.5, 8],
			"faces": {
				"north": {"uv": [6, 3, 6.125, 10.625], "texture": "#1"},
				"east": {"uv": [2, 0, 2.25, 7.625], "texture": "#1"},
				"south": {"uv": [6.5, 3, 6.625, 10.625], "texture": "#1"},
				"west": {"uv": [2.5, 0, 2.75, 7.625], "texture": "#1"},
				"up": {"uv": [2.125, 9.75, 2, 9.5], "texture": "#1"},
				"down": {"uv": [9.625, 2, 9.5, 2.25], "texture": "#1"}
			}
		},
		{
			"from": [24.55, 0.25, 7],
			"to": [25.05, 15.5, 7.25],
			"faces": {
				"north": {"uv": [3, 0, 3.25, 7.625], "texture": "#1"},
				"east": {"uv": [7, 3, 7.125, 10.625], "texture": "#1"},
				"south": {"uv": [3.5, 0, 3.75, 7.625], "texture": "#1"},
				"west": {"uv": [7.5, 0, 7.625, 7.625], "texture": "#1"},
				"up": {"uv": [2.75, 9.625, 2.5, 9.5], "texture": "#1"},
				"down": {"uv": [9.75, 2.5, 9.5, 2.625], "texture": "#1"}
			}
		},
		{
			"from": [24.55, 0.25, 8.25],
			"to": [25.05, 0.5, 8.5],
			"faces": {
				"north": {"uv": [3, 9.5, 3.25, 9.625], "texture": "#1"},
				"east": {"uv": [10, 0, 10.125, 0.125], "texture": "#1"},
				"south": {"uv": [9.5, 3, 9.75, 3.125], "texture": "#1"},
				"west": {"uv": [10, 0.5, 10.125, 0.625], "texture": "#1"},
				"up": {"uv": [3.75, 9.625, 3.5, 9.5], "texture": "#1"},
				"down": {"uv": [9.75, 3.5, 9.5, 3.625], "texture": "#1"}
			}
		},
		{
			"from": [24.3, 0, 7.25],
			"to": [25.3, 15.5, 8.25],
			"faces": {
				"north": {"uv": [0, 0, 0.5, 7.75], "texture": "#1"},
				"east": {"uv": [0.5, 0, 1, 7.75], "texture": "#1"},
				"south": {"uv": [1, 0, 1.5, 7.75], "texture": "#1"},
				"west": {"uv": [1.5, 0, 2, 7.75], "texture": "#1"},
				"up": {"uv": [2, 8.5, 1.5, 8], "texture": "#1"},
				"down": {"uv": [2.5, 8, 2, 8.5], "texture": "#1"}
			}
		},
		{
			"from": [24.05, 0.25, 7.5],
			"to": [24.3, 15.5, 8],
			"faces": {
				"north": {"uv": [0, 8, 0.125, 15.625], "texture": "#1"},
				"east": {"uv": [4, 0, 4.25, 7.625], "texture": "#1"},
				"south": {"uv": [8, 0, 8.125, 7.625], "texture": "#1"},
				"west": {"uv": [4.5, 0, 4.75, 7.625], "texture": "#1"},
				"up": {"uv": [4.125, 9.75, 4, 9.5], "texture": "#1"},
				"down": {"uv": [9.625, 4, 9.5, 4.25], "texture": "#1"}
			}
		},
		{
			"from": [24.55, 0.25, 8.25],
			"to": [25.05, 15.5, 8.5],
			"faces": {
				"north": {"uv": [5, 0, 5.25, 7.625], "texture": "#1"},
				"east": {"uv": [0.5, 8, 0.625, 15.625], "texture": "#1"},
				"south": {"uv": [5.5, 0, 5.75, 7.625], "texture": "#1"},
				"west": {"uv": [1, 8, 1.125, 15.625], "texture": "#1"},
				"up": {"uv": [4.75, 9.625, 4.5, 9.5], "texture": "#1"},
				"down": {"uv": [9.75, 4.5, 9.5, 4.625], "texture": "#1"}
			}
		},
		{
			"from": [24.25, 18, 7.225],
			"to": [25.3, 18.35, 8.275],
			"rotation": {"angle": 0, "axis": "y", "origin": [-3.2, 0, -3.2]},
			"faces": {
				"north": {"uv": [0, 10, 1, 10.375], "texture": "#0"},
				"east": {"uv": [1, 10, 2, 10.375], "texture": "#0"},
				"south": {"uv": [10, 1, 11, 1.375], "texture": "#0"},
				"west": {"uv": [2, 10, 3, 10.375], "texture": "#0"},
				"up": {"uv": [7, 3, 6, 2], "texture": "#0"},
				"down": {"uv": [7, 3, 6, 4], "texture": "#0"}
			}
		},
		{
			"from": [23.9, 17.65, 6.875],
			"to": [25.65, 18, 8.625],
			"rotation": {"angle": 0, "axis": "y", "origin": [-3.2, 0, -3.2]},
			"faces": {
				"north": {"uv": [7, 4, 8.75, 4.375], "texture": "#0"},
				"east": {"uv": [5, 7, 6.75, 7.375], "texture": "#0"},
				"south": {"uv": [7, 5, 8.75, 5.375], "texture": "#0"},
				"west": {"uv": [7, 6, 8.75, 6.375], "texture": "#0"},
				"up": {"uv": [1.75, 1.75, 0, 0], "texture": "#0"},
				"down": {"uv": [1.75, 2, 0, 3.75], "texture": "#0"}
			}
		},
		{
			"from": [23.2, 16.25, 7.225],
			"to": [23.55, 17.3, 8.275],
			"rotation": {"angle": 0, "axis": "z", "origin": [-3.2, 0, -3.2]},
			"faces": {
				"north": {"uv": [10, 2, 10.375, 3], "texture": "#0"},
				"east": {"uv": [4, 6, 5, 7], "texture": "#0"},
				"south": {"uv": [3, 10, 3.375, 11], "texture": "#0"},
				"west": {"uv": [6, 4, 7, 5], "texture": "#0"},
				"up": {"uv": [10.375, 4, 10, 3], "texture": "#0"},
				"down": {"uv": [4.375, 10, 4, 11], "texture": "#0"}
			}
		},
		{
			"from": [23.55, 15.9, 6.875],
			"to": [23.9, 17.65, 8.625],
			"rotation": {"angle": 0, "axis": "z", "origin": [-3.2, 0, -3.2]},
			"faces": {
				"north": {"uv": [7, 7, 7.375, 8.75], "texture": "#0"},
				"east": {"uv": [2, 0, 3.75, 1.75], "texture": "#0"},
				"south": {"uv": [0, 8, 0.375, 9.75], "texture": "#0"},
				"west": {"uv": [2, 2, 3.75, 3.75], "texture": "#0"},
				"up": {"uv": [8.375, 1.75, 8, 0], "texture": "#0"},
				"down": {"uv": [1.375, 8, 1, 9.75], "texture": "#0"}
			}
		},
		{
			"from": [25.65, 15.9, 6.875],
			"to": [26, 17.65, 8.625],
			"rotation": {"angle": 0, "axis": "z", "origin": [19.2, 0, -3.2]},
			"faces": {
				"north": {"uv": [2, 8, 2.375, 9.75], "texture": "#0"},
				"east": {"uv": [0, 4, 1.75, 5.75], "texture": "#0"},
				"south": {"uv": [8, 2, 8.375, 3.75], "texture": "#0"},
				"west": {"uv": [4, 0, 5.75, 1.75], "texture": "#0"},
				"up": {"uv": [3.375, 9.75, 3, 8], "texture": "#0"},
				"down": {"uv": [4.375, 8, 4, 9.75], "texture": "#0"}
			}
		},
		{
			"from": [26, 16.25, 7.225],
			"to": [26.35, 17.3, 8.275],
			"rotation": {"angle": 0, "axis": "z", "origin": [19.2, 0, -3.2]},
			"faces": {
				"north": {"uv": [10, 4, 10.375, 5], "texture": "#0"},
				"east": {"uv": [5, 6, 6, 7], "texture": "#0"},
				"south": {"uv": [5, 10, 5.375, 11], "texture": "#0"},
				"west": {"uv": [6, 5, 7, 6], "texture": "#0"},
				"up": {"uv": [6.375, 11, 6, 10], "texture": "#0"},
				"down": {"uv": [10.375, 7, 10, 8], "texture": "#0"}
			}
		},
		{
			"from": [23.9, 15.55, 6.875],
			"to": [25.65, 15.9, 8.625],
			"rotation": {"angle": 0, "axis": "y", "origin": [-3.2, 22.4, -3.2]},
			"faces": {
				"north": {"uv": [5, 8, 6.75, 8.375], "texture": "#0"},
				"east": {"uv": [8, 7, 9.75, 7.375], "texture": "#0"},
				"south": {"uv": [8, 8, 9.75, 8.375], "texture": "#0"},
				"west": {"uv": [9, 0, 10.75, 0.375], "texture": "#0"},
				"up": {"uv": [3.75, 5.75, 2, 4], "texture": "#0"},
				"down": {"uv": [5.75, 2, 4, 3.75], "texture": "#0"}
			}
		},
		{
			"from": [24.25, 16.25, 8.975],
			"to": [25.3, 17.3, 9.325],
			"rotation": {"angle": 0, "axis": "z", "origin": [19.2, 0, -3.2]},
			"faces": {
				"north": {"uv": [6, 6, 7, 7], "texture": "#0"},
				"east": {"uv": [10, 8, 10.375, 9], "texture": "#0"},
				"south": {"uv": [7, 2, 8, 3], "texture": "#0"},
				"west": {"uv": [9, 10, 9.375, 11], "texture": "#0"},
				"up": {"uv": [11, 10.375, 10, 10], "texture": "#0"},
				"down": {"uv": [1, 11, 0, 11.375], "texture": "#0"}
			}
		},
		{
			"from": [23.9, 15.9, 8.625],
			"to": [25.65, 17.65, 8.975],
			"rotation": {"angle": 0, "axis": "z", "origin": [19.2, 0, -3.2]},
			"faces": {
				"north": {"uv": [4, 4, 5.75, 5.75], "texture": "#0"},
				"east": {"uv": [9, 1, 9.375, 2.75], "texture": "#0"},
				"south": {"uv": [0, 6, 1.75, 7.75], "texture": "#0"},
				"west": {"uv": [9, 3, 9.375, 4.75], "texture": "#0"},
				"up": {"uv": [6.75, 9.375, 5, 9], "texture": "#0"},
				"down": {"uv": [10.75, 5, 9, 5.375], "texture": "#0"}
			}
		},
		{
			"from": [24.25, 16.25, 6.175],
			"to": [25.3, 17.3, 6.525],
			"rotation": {"angle": 0, "axis": "z", "origin": [19.2, 0, 19.2]},
			"faces": {
				"north": {"uv": [7, 3, 8, 4], "texture": "#0"},
				"east": {"uv": [11, 0, 11.375, 1], "texture": "#0"},
				"south": {"uv": [4, 7, 5, 8], "texture": "#0"},
				"west": {"uv": [1, 11, 1.375, 12], "texture": "#0"},
				"up": {"uv": [12, 1.375, 11, 1], "texture": "#0"},
				"down": {"uv": [3, 11, 2, 11.375], "texture": "#0"}
			}
		},
		{
			"from": [23.9, 15.9, 6.525],
			"to": [25.65, 17.65, 6.875],
			"rotation": {"angle": 0, "axis": "z", "origin": [19.2, 0, 19.2]},
			"faces": {
				"north": {"uv": [6, 0, 7.75, 1.75], "texture": "#0"},
				"east": {"uv": [7, 9, 7.375, 10.75], "texture": "#0"},
				"south": {"uv": [2, 6, 3.75, 7.75], "texture": "#0"},
				"west": {"uv": [8, 9, 8.375, 10.75], "texture": "#0"},
				"up": {"uv": [10.75, 6.375, 9, 6], "texture": "#0"},
				"down": {"uv": [10.75, 9, 9, 9.375], "texture": "#0"}
			}
		},
		{
			"from": [-10.5, 0, 6.5],
			"to": [-8, 0.25, 9],
			"faces": {
				"north": {"uv": [3.5, 8, 4.75, 8.125], "texture": "#1"},
				"east": {"uv": [7.5, 8, 8.75, 8.125], "texture": "#1"},
				"south": {"uv": [8.5, 0, 9.75, 0.125], "texture": "#1"},
				"west": {"uv": [8.5, 0.5, 9.75, 0.625], "texture": "#1"},
				"up": {"uv": [7.25, 1.25, 6, 0], "texture": "#1"},
				"down": {"uv": [7.25, 1.5, 6, 2.75], "texture": "#1"}
			}
		},
		{
			"from": [-9.75, 0, 6],
			"to": [-8.75, 0.25, 6.5],
			"faces": {
				"north": {"uv": [8.5, 3.5, 9, 3.625], "texture": "#1"},
				"east": {"uv": [8.5, 5.5, 8.75, 5.625], "texture": "#1"},
				"south": {"uv": [4, 8.5, 4.5, 8.625], "texture": "#1"},
				"west": {"uv": [8.5, 6, 8.75, 6.125], "texture": "#1"},
				"up": {"uv": [5.5, 8.25, 5, 8], "texture": "#1"},
				"down": {"uv": [6, 8, 5.5, 8.25], "texture": "#1"}
			}
		},
		{
			"from": [-11, 0, 7.25],
			"to": [-10.5, 0.25, 8.25],
			"faces": {
				"north": {"uv": [7.5, 8.5, 7.75, 8.625], "texture": "#1"},
				"east": {"uv": [8.5, 4.5, 9, 4.625], "texture": "#1"},
				"south": {"uv": [8.5, 7.5, 8.75, 7.625], "texture": "#1"},
				"west": {"uv": [5, 8.5, 5.5, 8.625], "texture": "#1"},
				"up": {"uv": [8.75, 2, 8.5, 1.5], "texture": "#1"},
				"down": {"uv": [2.25, 8.5, 2, 9], "texture": "#1"}
			}
		},
		{
			"from": [-8, 0, 7.25],
			"to": [-7.5, 0.25, 8.25],
			"faces": {
				"north": {"uv": [8, 8.5, 8.25, 8.625], "texture": "#1"},
				"east": {"uv": [8.5, 5, 9, 5.125], "texture": "#1"},
				"south": {"uv": [8.5, 8.5, 8.75, 8.625], "texture": "#1"},
				"west": {"uv": [5.5, 8.5, 6, 8.625], "texture": "#1"},
				"up": {"uv": [8.75, 2.5, 8.5, 2], "texture": "#1"},
				"down": {"uv": [2.75, 8.5, 2.5, 9], "texture": "#1"}
			}
		},
		{
			"from": [-8, 0, 8.25],
			"to": [-7.75, 0.25, 8.75],
			"faces": {
				"north": {"uv": [5, 9.5, 5.125, 9.625], "texture": "#1"},
				"east": {"uv": [9, 1, 9.25, 1.125], "texture": "#1"},
				"south": {"uv": [9.5, 5, 9.625, 5.125], "texture": "#1"},
				"west": {"uv": [1.5, 9, 1.75, 9.125], "texture": "#1"},
				"up": {"uv": [9.125, 1.75, 9, 1.5], "texture": "#1"},
				"down": {"uv": [2.125, 9, 2, 9.25], "texture": "#1"}
			}
		},
		{
			"from": [-8, 0, 6.75],
			"to": [-7.75, 0.25, 7.25],
			"faces": {
				"north": {"uv": [5.5, 9.5, 5.625, 9.625], "texture": "#1"},
				"east": {"uv": [9, 2, 9.25, 2.125], "texture": "#1"},
				"south": {"uv": [9.5, 5.5, 9.625, 5.625], "texture": "#1"},
				"west": {"uv": [2.5, 9, 2.75, 9.125], "texture": "#1"},
				"up": {"uv": [9.125, 2.75, 9, 2.5], "texture": "#1"},
				"down": {"uv": [3.125, 9, 3, 9.25], "texture": "#1"}
			}
		},
		{
			"from": [-10.75, 0, 6.75],
			"to": [-10.5, 0.25, 7.25],
			"faces": {
				"north": {"uv": [9.5, 6, 9.625, 6.125], "texture": "#1"},
				"east": {"uv": [9, 3, 9.25, 3.125], "texture": "#1"},
				"south": {"uv": [9.5, 6.5, 9.625, 6.625], "texture": "#1"},
				"west": {"uv": [3.5, 9, 3.75, 9.125], "texture": "#1"},
				"up": {"uv": [9.125, 3.75, 9, 3.5], "texture": "#1"},
				"down": {"uv": [4.125, 9, 4, 9.25], "texture": "#1"}
			}
		},
		{
			"from": [-10.75, 0, 8.25],
			"to": [-10.5, 0.25, 8.75],
			"faces": {
				"north": {"uv": [9.5, 7, 9.625, 7.125], "texture": "#1"},
				"east": {"uv": [9, 4, 9.25, 4.125], "texture": "#1"},
				"south": {"uv": [7.5, 9.5, 7.625, 9.625], "texture": "#1"},
				"west": {"uv": [4.5, 9, 4.75, 9.125], "texture": "#1"},
				"up": {"uv": [9.125, 4.75, 9, 4.5], "texture": "#1"},
				"down": {"uv": [5.125, 9, 5, 9.25], "texture": "#1"}
			}
		},
		{
			"from": [-8.75, 0, 6.25],
			"to": [-8.25, 0.25, 6.5],
			"faces": {
				"north": {"uv": [9, 5, 9.25, 5.125], "texture": "#1"},
				"east": {"uv": [9.5, 7.5, 9.625, 7.625], "texture": "#1"},
				"south": {"uv": [5.5, 9, 5.75, 9.125], "texture": "#1"},
				"west": {"uv": [8, 9.5, 8.125, 9.625], "texture": "#1"},
				"up": {"uv": [9.25, 5.625, 9, 5.5], "texture": "#1"},
				"down": {"uv": [9.25, 6, 9, 6.125], "texture": "#1"}
			}
		},
		{
			"from": [-10.25, 0, 6.25],
			"to": [-9.75, 0.25, 6.5],
			"faces": {
				"north": {"uv": [9, 6.5, 9.25, 6.625], "texture": "#1"},
				"east": {"uv": [9.5, 8, 9.625, 8.125], "texture": "#1"},
				"south": {"uv": [9, 7, 9.25, 7.125], "texture": "#1"},
				"west": {"uv": [8.5, 9.5, 8.625, 9.625], "texture": "#1"},
				"up": {"uv": [7.75, 9.125, 7.5, 9], "texture": "#1"},
				"down": {"uv": [9.25, 7.5, 9, 7.625], "texture": "#1"}
			}
		},
		{
			"from": [-8.75, 0.25, 7.5],
			"to": [-8.5, 15.5, 8],
			"faces": {
				"north": {"uv": [6, 3, 6.125, 10.625], "texture": "#1"},
				"east": {"uv": [2, 0, 2.25, 7.625], "texture": "#1"},
				"south": {"uv": [6.5, 3, 6.625, 10.625], "texture": "#1"},
				"west": {"uv": [2.5, 0, 2.75, 7.625], "texture": "#1"},
				"up": {"uv": [2.125, 9.75, 2, 9.5], "texture": "#1"},
				"down": {"uv": [9.625, 2, 9.5, 2.25], "texture": "#1"}
			}
		},
		{
			"from": [-9.5, 0.25, 7],
			"to": [-9, 15.5, 7.25],
			"faces": {
				"north": {"uv": [3, 0, 3.25, 7.625], "texture": "#1"},
				"east": {"uv": [7, 3, 7.125, 10.625], "texture": "#1"},
				"south": {"uv": [3.5, 0, 3.75, 7.625], "texture": "#1"},
				"west": {"uv": [7.5, 0, 7.625, 7.625], "texture": "#1"},
				"up": {"uv": [2.75, 9.625, 2.5, 9.5], "texture": "#1"},
				"down": {"uv": [9.75, 2.5, 9.5, 2.625], "texture": "#1"}
			}
		},
		{
			"from": [-9.5, 0.25, 8.25],
			"to": [-9, 0.5, 8.5],
			"faces": {
				"north": {"uv": [3, 9.5, 3.25, 9.625], "texture": "#1"},
				"east": {"uv": [10, 0, 10.125, 0.125], "texture": "#1"},
				"south": {"uv": [9.5, 3, 9.75, 3.125], "texture": "#1"},
				"west": {"uv": [10, 0.5, 10.125, 0.625], "texture": "#1"},
				"up": {"uv": [3.75, 9.625, 3.5, 9.5], "texture": "#1"},
				"down": {"uv": [9.75, 3.5, 9.5, 3.625], "texture": "#1"}
			}
		},
		{
			"from": [-9.75, 0, 7.25],
			"to": [-8.75, 15.5, 8.25],
			"faces": {
				"north": {"uv": [0, 0, 0.5, 7.75], "texture": "#1"},
				"east": {"uv": [0.5, 0, 1, 7.75], "texture": "#1"},
				"south": {"uv": [1, 0, 1.5, 7.75], "texture": "#1"},
				"west": {"uv": [1.5, 0, 2, 7.75], "texture": "#1"},
				"up": {"uv": [2, 8.5, 1.5, 8], "texture": "#1"},
				"down": {"uv": [2.5, 8, 2, 8.5], "texture": "#1"}
			}
		},
		{
			"from": [-10, 0.25, 7.5],
			"to": [-9.75, 15.5, 8],
			"faces": {
				"north": {"uv": [0, 8, 0.125, 15.625], "texture": "#1"},
				"east": {"uv": [4, 0, 4.25, 7.625], "texture": "#1"},
				"south": {"uv": [8, 0, 8.125, 7.625], "texture": "#1"},
				"west": {"uv": [4.5, 0, 4.75, 7.625], "texture": "#1"},
				"up": {"uv": [4.125, 9.75, 4, 9.5], "texture": "#1"},
				"down": {"uv": [9.625, 4, 9.5, 4.25], "texture": "#1"}
			}
		},
		{
			"from": [-9.5, 0.25, 8.25],
			"to": [-9, 15.5, 8.5],
			"faces": {
				"north": {"uv": [5, 0, 5.25, 7.625], "texture": "#1"},
				"east": {"uv": [0.5, 8, 0.625, 15.625], "texture": "#1"},
				"south": {"uv": [5.5, 0, 5.75, 7.625], "texture": "#1"},
				"west": {"uv": [1, 8, 1.125, 15.625], "texture": "#1"},
				"up": {"uv": [4.75, 9.625, 4.5, 9.5], "texture": "#1"},
				"down": {"uv": [9.75, 4.5, 9.5, 4.625], "texture": "#1"}
			}
		},
		{
			"from": [-9.775, 18, 7.225],
			"to": [-8.725, 18.35, 8.275],
			"rotation": {"angle": 0, "axis": "y", "origin": [-3.2, 0, -3.2]},
			"faces": {
				"north": {"uv": [0, 10, 1, 10.375], "texture": "#0"},
				"east": {"uv": [1, 10, 2, 10.375], "texture": "#0"},
				"south": {"uv": [10, 1, 11, 1.375], "texture": "#0"},
				"west": {"uv": [2, 10, 3, 10.375], "texture": "#0"},
				"up": {"uv": [7, 3, 6, 2], "texture": "#0"},
				"down": {"uv": [7, 3, 6, 4], "texture": "#0"}
			}
		},
		{
			"from": [-10.125, 17.65, 6.875],
			"to": [-8.375, 18, 8.625],
			"rotation": {"angle": 0, "axis": "y", "origin": [-3.2, 0, -3.2]},
			"faces": {
				"north": {"uv": [7, 4, 8.75, 4.375], "texture": "#0"},
				"east": {"uv": [5, 7, 6.75, 7.375], "texture": "#0"},
				"south": {"uv": [7, 5, 8.75, 5.375], "texture": "#0"},
				"west": {"uv": [7, 6, 8.75, 6.375], "texture": "#0"},
				"up": {"uv": [1.75, 1.75, 0, 0], "texture": "#0"},
				"down": {"uv": [1.75, 2, 0, 3.75], "texture": "#0"}
			}
		},
		{
			"from": [-10.825, 16.25, 7.225],
			"to": [-10.475, 17.3, 8.275],
			"rotation": {"angle": 0, "axis": "z", "origin": [-3.2, 0, -3.2]},
			"faces": {
				"north": {"uv": [10, 2, 10.375, 3], "texture": "#0"},
				"east": {"uv": [4, 6, 5, 7], "texture": "#0"},
				"south": {"uv": [3, 10, 3.375, 11], "texture": "#0"},
				"west": {"uv": [6, 4, 7, 5], "texture": "#0"},
				"up": {"uv": [10.375, 4, 10, 3], "texture": "#0"},
				"down": {"uv": [4.375, 10, 4, 11], "texture": "#0"}
			}
		},
		{
			"from": [-10.475, 15.9, 6.875],
			"to": [-10.125, 17.65, 8.625],
			"rotation": {"angle": 0, "axis": "z", "origin": [-3.2, 0, -3.2]},
			"faces": {
				"north": {"uv": [7, 7, 7.375, 8.75], "texture": "#0"},
				"east": {"uv": [2, 0, 3.75, 1.75], "texture": "#0"},
				"south": {"uv": [0, 8, 0.375, 9.75], "texture": "#0"},
				"west": {"uv": [2, 2, 3.75, 3.75], "texture": "#0"},
				"up": {"uv": [8.375, 1.75, 8, 0], "texture": "#0"},
				"down": {"uv": [1.375, 8, 1, 9.75], "texture": "#0"}
			}
		},
		{
			"from": [-8.375, 15.9, 6.875],
			"to": [-8.025, 17.65, 8.625],
			"rotation": {"angle": 0, "axis": "z", "origin": [19.2, 0, -3.2]},
			"faces": {
				"north": {"uv": [2, 8, 2.375, 9.75], "texture": "#0"},
				"east": {"uv": [0, 4, 1.75, 5.75], "texture": "#0"},
				"south": {"uv": [8, 2, 8.375, 3.75], "texture": "#0"},
				"west": {"uv": [4, 0, 5.75, 1.75], "texture": "#0"},
				"up": {"uv": [3.375, 9.75, 3, 8], "texture": "#0"},
				"down": {"uv": [4.375, 8, 4, 9.75], "texture": "#0"}
			}
		},
		{
			"from": [-8.025, 16.25, 7.225],
			"to": [-7.675, 17.3, 8.275],
			"rotation": {"angle": 0, "axis": "z", "origin": [19.2, 0, -3.2]},
			"faces": {
				"north": {"uv": [10, 4, 10.375, 5], "texture": "#0"},
				"east": {"uv": [5, 6, 6, 7], "texture": "#0"},
				"south": {"uv": [5, 10, 5.375, 11], "texture": "#0"},
				"west": {"uv": [6, 5, 7, 6], "texture": "#0"},
				"up": {"uv": [6.375, 11, 6, 10], "texture": "#0"},
				"down": {"uv": [10.375, 7, 10, 8], "texture": "#0"}
			}
		},
		{
			"from": [-10.125, 15.55, 6.875],
			"to": [-8.375, 15.9, 8.625],
			"rotation": {"angle": 0, "axis": "y", "origin": [-3.2, 22.4, -3.2]},
			"faces": {
				"north": {"uv": [5, 8, 6.75, 8.375], "texture": "#0"},
				"east": {"uv": [8, 7, 9.75, 7.375], "texture": "#0"},
				"south": {"uv": [8, 8, 9.75, 8.375], "texture": "#0"},
				"west": {"uv": [9, 0, 10.75, 0.375], "texture": "#0"},
				"up": {"uv": [3.75, 5.75, 2, 4], "texture": "#0"},
				"down": {"uv": [5.75, 2, 4, 3.75], "texture": "#0"}
			}
		},
		{
			"from": [-9.775, 16.25, 8.975],
			"to": [-8.725, 17.3, 9.325],
			"rotation": {"angle": 0, "axis": "z", "origin": [19.2, 0, -3.2]},
			"faces": {
				"north": {"uv": [6, 6, 7, 7], "texture": "#0"},
				"east": {"uv": [10, 8, 10.375, 9], "texture": "#0"},
				"south": {"uv": [7, 2, 8, 3], "texture": "#0"},
				"west": {"uv": [9, 10, 9.375, 11], "texture": "#0"},
				"up": {"uv": [11, 10.375, 10, 10], "texture": "#0"},
				"down": {"uv": [1, 11, 0, 11.375], "texture": "#0"}
			}
		},
		{
			"from": [-10.125, 15.9, 8.625],
			"to": [-8.375, 17.65, 8.975],
			"rotation": {"angle": 0, "axis": "z", "origin": [19.2, 0, -3.2]},
			"faces": {
				"north": {"uv": [4, 4, 5.75, 5.75], "texture": "#0"},
				"east": {"uv": [9, 1, 9.375, 2.75], "texture": "#0"},
				"south": {"uv": [0, 6, 1.75, 7.75], "texture": "#0"},
				"west": {"uv": [9, 3, 9.375, 4.75], "texture": "#0"},
				"up": {"uv": [6.75, 9.375, 5, 9], "texture": "#0"},
				"down": {"uv": [10.75, 5, 9, 5.375], "texture": "#0"}
			}
		},
		{
			"from": [-9.775, 16.25, 6.175],
			"to": [-8.725, 17.3, 6.525],
			"rotation": {"angle": 0, "axis": "z", "origin": [19.2, 0, 19.2]},
			"faces": {
				"north": {"uv": [7, 3, 8, 4], "texture": "#0"},
				"east": {"uv": [11, 0, 11.375, 1], "texture": "#0"},
				"south": {"uv": [4, 7, 5, 8], "texture": "#0"},
				"west": {"uv": [1, 11, 1.375, 12], "texture": "#0"},
				"up": {"uv": [12, 1.375, 11, 1], "texture": "#0"},
				"down": {"uv": [3, 11, 2, 11.375], "texture": "#0"}
			}
		},
		{
			"from": [-10.125, 15.9, 6.525],
			"to": [-8.375, 17.65, 6.875],
			"rotation": {"angle": 0, "axis": "z", "origin": [19.2, 0, 19.2]},
			"faces": {
				"north": {"uv": [6, 0, 7.75, 1.75], "texture": "#0"},
				"east": {"uv": [7, 9, 7.375, 10.75], "texture": "#0"},
				"south": {"uv": [2, 6, 3.75, 7.75], "texture": "#0"},
				"west": {"uv": [8, 9, 8.375, 10.75], "texture": "#0"},
				"up": {"uv": [10.75, 6.375, 9, 6], "texture": "#0"},
				"down": {"uv": [10.75, 9, 9, 9.375], "texture": "#0"}
			}
		},
		{
			"from": [10.75, 4, 7.4],
			"to": [15.275, 5, 8.4],
			"rotation": {"angle": 45, "axis": "z", "origin": [0, 0, 0]},
			"faces": {
				"north": {"uv": [0, 0, 4.5, 1], "texture": "#2"},
				"east": {"uv": [3, 9, 4, 10], "texture": "#2"},
				"south": {"uv": [0, 1, 4.5, 2], "texture": "#2"},
				"west": {"uv": [4, 9, 5, 10], "texture": "#2"},
				"up": {"uv": [4.5, 3, 0, 2], "texture": "#2"},
				"down": {"uv": [4.5, 3, 0, 4], "texture": "#2"}
			}
		},
		{
			"from": [3.925, 7.825, 7.4],
			"to": [8.45, 8.825, 8.4],
			"rotation": {"angle": 22.5, "axis": "z", "origin": [0, 0, 0]},
			"faces": {
				"north": {"uv": [0, 4, 4.5, 5], "texture": "#2"},
				"east": {"uv": [5, 9, 6, 10], "texture": "#2"},
				"south": {"uv": [0, 5, 4.5, 6], "texture": "#2"},
				"west": {"uv": [6, 9, 7, 10], "texture": "#2"},
				"up": {"uv": [9.5, 1, 5, 0], "texture": "#2"},
				"down": {"uv": [9.5, 1, 5, 2], "texture": "#2"}
			}
		},
		{
			"from": [-8.1, 1.225, 7.4],
			"to": [-3.575, 2.225, 8.4],
			"rotation": {"angle": -22.5, "axis": "z", "origin": [16.2, 0.4, 0]},
			"faces": {
				"north": {"uv": [5, 2, 9.5, 3], "texture": "#2"},
				"east": {"uv": [9, 8, 10, 9], "texture": "#2"},
				"south": {"uv": [5, 3, 9.5, 4], "texture": "#2"},
				"west": {"uv": [9, 9, 10, 10], "texture": "#2"},
				"up": {"uv": [9.5, 5, 5, 4], "texture": "#2"},
				"down": {"uv": [9.5, 5, 5, 6], "texture": "#2"}
			}
		},
		{
			"from": [-15.8, 3.175, 7.4],
			"to": [-11.275, 4.175, 8.4],
			"rotation": {"angle": -45, "axis": "z", "origin": [0.2, 0.4, 0]},
			"faces": {
				"north": {"uv": [0, 6, 4.5, 7], "texture": "#2"},
				"east": {"uv": [0, 10, 1, 11], "texture": "#2"},
				"south": {"uv": [5, 6, 9.5, 7], "texture": "#2"},
				"west": {"uv": [10, 0, 11, 1], "texture": "#2"},
				"up": {"uv": [4.5, 8, 0, 7], "texture": "#2"},
				"down": {"uv": [9.5, 7, 5, 8], "texture": "#2"}
			}
		},
		{
			"from": [-1.95, 8.75, 7.4],
			"to": [0.65, 9.75, 8.4],
			"faces": {
				"north": {"uv": [0, 8, 2.625, 9], "texture": "#2"},
				"east": {"uv": [7, 9, 8, 10], "texture": "#2"},
				"south": {"uv": [3, 8, 5.625, 9], "texture": "#2"},
				"west": {"uv": [8, 9, 9, 10], "texture": "#2"},
				"up": {"uv": [8.625, 9, 6, 8], "texture": "#2"},
				"down": {"uv": [2.625, 9, 0, 10], "texture": "#2"}
			}
		},
		{
			"from": [0.9, 3.175, 7.4],
			"to": [5.425, 4.175, 8.4],
			"rotation": {"angle": -45, "axis": "z", "origin": [16.9, 0.4, 0]},
			"faces": {
				"north": {"uv": [0, 6, 4.5, 7], "texture": "#2"},
				"east": {"uv": [0, 10, 1, 11], "texture": "#2"},
				"south": {"uv": [5, 6, 9.5, 7], "texture": "#2"},
				"west": {"uv": [10, 0, 11, 1], "texture": "#2"},
				"up": {"uv": [4.5, 8, 0, 7], "texture": "#2"},
				"down": {"uv": [9.5, 7, 5, 8], "texture": "#2"}
			}
		},
		{
			"from": [8.6, 1.225, 7.4],
			"to": [13.125, 2.225, 8.4],
			"rotation": {"angle": -22.5, "axis": "z", "origin": [32.9, 0.4, 0]},
			"faces": {
				"north": {"uv": [5, 2, 9.5, 3], "texture": "#2"},
				"east": {"uv": [9, 8, 10, 9], "texture": "#2"},
				"south": {"uv": [5, 3, 9.5, 4], "texture": "#2"},
				"west": {"uv": [9, 9, 10, 10], "texture": "#2"},
				"up": {"uv": [9.5, 5, 5, 4], "texture": "#2"},
				"down": {"uv": [9.5, 5, 5, 6], "texture": "#2"}
			}
		},
		{
			"from": [14.75, 8.75, 7.4],
			"to": [17.35, 9.75, 8.4],
			"rotation": {"angle": 0, "axis": "y", "origin": [16.7, 0, 0]},
			"faces": {
				"north": {"uv": [0, 8, 2.625, 9], "texture": "#2"},
				"east": {"uv": [7, 9, 8, 10], "texture": "#2"},
				"south": {"uv": [3, 8, 5.625, 9], "texture": "#2"},
				"west": {"uv": [8, 9, 9, 10], "texture": "#2"},
				"up": {"uv": [8.625, 9, 6, 8], "texture": "#2"},
				"down": {"uv": [2.625, 9, 0, 10], "texture": "#2"}
			}
		},
		{
			"from": [20.625, 7.825, 7.4],
			"to": [25.15, 8.825, 8.4],
			"rotation": {"angle": 22.5, "axis": "z", "origin": [16.7, 0, 0]},
			"faces": {
				"north": {"uv": [0, 4, 4.5, 5], "texture": "#2"},
				"east": {"uv": [5, 9, 6, 10], "texture": "#2"},
				"south": {"uv": [0, 5, 4.5, 6], "texture": "#2"},
				"west": {"uv": [6, 9, 7, 10], "texture": "#2"},
				"up": {"uv": [9.5, 1, 5, 0], "texture": "#2"},
				"down": {"uv": [9.5, 1, 5, 2], "texture": "#2"}
			}
		},
		{
			"from": [27.45, 4, 7.4],
			"to": [31.975, 5, 8.4],
			"rotation": {"angle": 45, "axis": "z", "origin": [16.7, 0, 0]},
			"faces": {
				"north": {"uv": [0, 0, 4.5, 1], "texture": "#2"},
				"east": {"uv": [3, 9, 4, 10], "texture": "#2"},
				"south": {"uv": [0, 1, 4.5, 2], "texture": "#2"},
				"west": {"uv": [4, 9, 5, 10], "texture": "#2"},
				"up": {"uv": [4.5, 3, 0, 2], "texture": "#2"},
				"down": {"uv": [4.5, 3, 0, 4], "texture": "#2"}
			}
		}
	]
}